[{"model": "sessions.session", "pk": "0cwxi0pzdfj52121rchwlq7yue8yaezx", "fields": {"session_data": "YzQ3MmRkMTUyOTRjNzU1ODRiMGViNWNiZDNmNTJhM2E1NmI1N2QzOTp7Il9hdXRoX3VzZXJfaGFzaCI6ImVjNTk2YzIyMGVjNzZmOTQ4MzNiZjBlZTZlYjFiYzE2YjJiZDRiOTYiLCJfYXV0aF91c2VyX2JhY2tlbmQiOiJiYWRnZXVzZXIuYmFja2VuZHMuQ2FjaGVkQXV0aGVudGljYXRpb25CYWNrZW5kIiwiX2F1dGhfdXNlcl9pZCI6IjEifQ==", "expire_date": "2021-02-08T12:58:26.876Z"}}, {"model": "sessions.session", "pk": "0dooozykxa49napna2z6arkudpk6l97v", "fields": {"session_data": "YzQ3MmRkMTUyOTRjNzU1ODRiMGViNWNiZDNmNTJhM2E1NmI1N2QzOTp7Il9hdXRoX3VzZXJfaGFzaCI6ImVjNTk2YzIyMGVjNzZmOTQ4MzNiZjBlZTZlYjFiYzE2YjJiZDRiOTYiLCJfYXV0aF91c2VyX2JhY2tlbmQiOiJiYWRnZXVzZXIuYmFja2VuZHMuQ2FjaGVkQXV0aGVudGljYXRpb25CYWNrZW5kIiwiX2F1dGhfdXNlcl9pZCI6IjEifQ==", "expire_date": "2019-10-03T14:18:07.854Z"}}, {"model": "sessions.session", "pk": "1827fkucm3ebel8ptsvfqr883x5jwu5f", "fields": {"session_data": "YzQ3MmRkMTUyOTRjNzU1ODRiMGViNWNiZDNmNTJhM2E1NmI1N2QzOTp7Il9hdXRoX3VzZXJfaGFzaCI6ImVjNTk2YzIyMGVjNzZmOTQ4MzNiZjBlZTZlYjFiYzE2YjJiZDRiOTYiLCJfYXV0aF91c2VyX2JhY2tlbmQiOiJiYWRnZXVzZXIuYmFja2VuZHMuQ2FjaGVkQXV0aGVudGljYXRpb25CYWNrZW5kIiwiX2F1dGhfdXNlcl9pZCI6IjEifQ==", "expire_date": "2019-10-10T14:14:14.079Z"}}, {"model": "sessions.session", "pk": "1i2yefyd8hinpvt5p8abwq3z899vmrqq", "fields": {"session_data": "YzQ3MmRkMTUyOTRjNzU1ODRiMGViNWNiZDNmNTJhM2E1NmI1N2QzOTp7Il9hdXRoX3VzZXJfaGFzaCI6ImVjNTk2YzIyMGVjNzZmOTQ4MzNiZjBlZTZlYjFiYzE2YjJiZDRiOTYiLCJfYXV0aF91c2VyX2JhY2tlbmQiOiJiYWRnZXVzZXIuYmFja2VuZHMuQ2FjaGVkQXV0aGVudGljYXRpb25CYWNrZW5kIiwiX2F1dGhfdXNlcl9pZCI6IjEifQ==", "expire_date": "2020-06-08T12:12:47.451Z"}}, {"model": "sessions.session", "pk": "1ubmziosnj0dzt6a3tv2ovmd1xlu7rjg", "fields": {"session_data": "YzQ3MmRkMTUyOTRjNzU1ODRiMGViNWNiZDNmNTJhM2E1NmI1N2QzOTp7Il9hdXRoX3VzZXJfaGFzaCI6ImVjNTk2YzIyMGVjNzZmOTQ4MzNiZjBlZTZlYjFiYzE2YjJiZDRiOTYiLCJfYXV0aF91c2VyX2JhY2tlbmQiOiJiYWRnZXVzZXIuYmFja2VuZHMuQ2FjaGVkQXV0aGVudGljYXRpb25CYWNrZW5kIiwiX2F1dGhfdXNlcl9pZCI6IjEifQ==", "expire_date": "2020-12-15T07:41:06.279Z"}}, {"model": "sessions.session", "pk": "1v2s8mcki9u8hyalsyb9s7ken6bhooy7", "fields": {"session_data": "YzQ3MmRkMTUyOTRjNzU1ODRiMGViNWNiZDNmNTJhM2E1NmI1N2QzOTp7Il9hdXRoX3VzZXJfaGFzaCI6ImVjNTk2YzIyMGVjNzZmOTQ4MzNiZjBlZTZlYjFiYzE2YjJiZDRiOTYiLCJfYXV0aF91c2VyX2JhY2tlbmQiOiJiYWRnZXVzZXIuYmFja2VuZHMuQ2FjaGVkQXV0aGVudGljYXRpb25CYWNrZW5kIiwiX2F1dGhfdXNlcl9pZCI6IjEifQ==", "expire_date": "2021-01-07T08:17:13.507Z"}}, {"model": "sessions.session", "pk": "22p0q13yh8fxbbnigieyhpvb9nuxsls7", "fields": {"session_data": "YzQ3MmRkMTUyOTRjNzU1ODRiMGViNWNiZDNmNTJhM2E1NmI1N2QzOTp7Il9hdXRoX3VzZXJfaGFzaCI6ImVjNTk2YzIyMGVjNzZmOTQ4MzNiZjBlZTZlYjFiYzE2YjJiZDRiOTYiLCJfYXV0aF91c2VyX2JhY2tlbmQiOiJiYWRnZXVzZXIuYmFja2VuZHMuQ2FjaGVkQXV0aGVudGljYXRpb25CYWNrZW5kIiwiX2F1dGhfdXNlcl9pZCI6IjEifQ==", "expire_date": "2021-01-19T15:49:37.921Z"}}, {"model": "sessions.session", "pk": "4k84pwrnye58s90p05gu9dnwovnm75cv", "fields": {"session_data": "YWQ1NTVkNjhiMGNlMmZlNGUwN2U2ZWMzYzNmZTQ2NDQyMWJkZTBkNjp7Il9hdXRoX3VzZXJfaGFzaCI6IjVhMDQxNTM1ODdmYzdkYjZhZjk2YzcxMmEzODE5OTUxMzIyZWM2ODMiLCJfYXV0aF91c2VyX2JhY2tlbmQiOiJiYWRnZXVzZXIuYmFja2VuZHMuQ2FjaGVkQXV0aGVudGljYXRpb25CYWNrZW5kIiwiX2F1dGhfdXNlcl9pZCI6IjUifQ==", "expire_date": "2020-02-03T09:16:23.785Z"}}, {"model": "sessions.session", "pk": "4s8m13zt0lhwzx2unqfjfdvyt2tbeh4l", "fields": {"session_data": "YzQ3MmRkMTUyOTRjNzU1ODRiMGViNWNiZDNmNTJhM2E1NmI1N2QzOTp7Il9hdXRoX3VzZXJfaGFzaCI6ImVjNTk2YzIyMGVjNzZmOTQ4MzNiZjBlZTZlYjFiYzE2YjJiZDRiOTYiLCJfYXV0aF91c2VyX2JhY2tlbmQiOiJiYWRnZXVzZXIuYmFja2VuZHMuQ2FjaGVkQXV0aGVudGljYXRpb25CYWNrZW5kIiwiX2F1dGhfdXNlcl9pZCI6IjEifQ==", "expire_date": "2019-11-21T10:15:57.107Z"}}, {"model": "sessions.session", "pk": "4t82eaz6b6kjwl4nbvm0l75ep6xb9wh2", "fields": {"session_data": "YzQ3MmRkMTUyOTRjNzU1ODRiMGViNWNiZDNmNTJhM2E1NmI1N2QzOTp7Il9hdXRoX3VzZXJfaGFzaCI6ImVjNTk2YzIyMGVjNzZmOTQ4MzNiZjBlZTZlYjFiYzE2YjJiZDRiOTYiLCJfYXV0aF91c2VyX2JhY2tlbmQiOiJiYWRnZXVzZXIuYmFja2VuZHMuQ2FjaGVkQXV0aGVudGljYXRpb25CYWNrZW5kIiwiX2F1dGhfdXNlcl9pZCI6IjEifQ==", "expire_date": "2020-03-11T11:57:28.912Z"}}, {"model": "sessions.session", "pk": "55ueqx4xvvi4r4wq728vj6i1sdjixbmy", "fields": {"session_data": "YzQ3MmRkMTUyOTRjNzU1ODRiMGViNWNiZDNmNTJhM2E1NmI1N2QzOTp7Il9hdXRoX3VzZXJfaGFzaCI6ImVjNTk2YzIyMGVjNzZmOTQ4MzNiZjBlZTZlYjFiYzE2YjJiZDRiOTYiLCJfYXV0aF91c2VyX2JhY2tlbmQiOiJiYWRnZXVzZXIuYmFja2VuZHMuQ2FjaGVkQXV0aGVudGljYXRpb25CYWNrZW5kIiwiX2F1dGhfdXNlcl9pZCI6IjEifQ==", "expire_date": "2020-07-18T12:18:04.453Z"}}, {"model": "sessions.session", "pk": "56hrpfsbpm18rzo8ehutj5jyvwk2d92x", "fields": {"session_data": "YzQ3MmRkMTUyOTRjNzU1ODRiMGViNWNiZDNmNTJhM2E1NmI1N2QzOTp7Il9hdXRoX3VzZXJfaGFzaCI6ImVjNTk2YzIyMGVjNzZmOTQ4MzNiZjBlZTZlYjFiYzE2YjJiZDRiOTYiLCJfYXV0aF91c2VyX2JhY2tlbmQiOiJiYWRnZXVzZXIuYmFja2VuZHMuQ2FjaGVkQXV0aGVudGljYXRpb25CYWNrZW5kIiwiX2F1dGhfdXNlcl9pZCI6IjEifQ==", "expire_date": "2019-08-24T12:48:38.926Z"}}, {"model": "sessions.session", "pk": "6s3ku5plo2w5laef7vt0cmbl1wwu14dw", "fields": {"session_data": "YzQ3MmRkMTUyOTRjNzU1ODRiMGViNWNiZDNmNTJhM2E1NmI1N2QzOTp7Il9hdXRoX3VzZXJfaGFzaCI6ImVjNTk2YzIyMGVjNzZmOTQ4MzNiZjBlZTZlYjFiYzE2YjJiZDRiOTYiLCJfYXV0aF91c2VyX2JhY2tlbmQiOiJiYWRnZXVzZXIuYmFja2VuZHMuQ2FjaGVkQXV0aGVudGljYXRpb25CYWNrZW5kIiwiX2F1dGhfdXNlcl9pZCI6IjEifQ==", "expire_date": "2020-12-14T12:46:43.261Z"}}, {"model": "sessions.session", "pk": "7obb93yumwoud5b5prpwpwvn43no7ins", "fields": {"session_data": "YzQ3MmRkMTUyOTRjNzU1ODRiMGViNWNiZDNmNTJhM2E1NmI1N2QzOTp7Il9hdXRoX3VzZXJfaGFzaCI6ImVjNTk2YzIyMGVjNzZmOTQ4MzNiZjBlZTZlYjFiYzE2YjJiZDRiOTYiLCJfYXV0aF91c2VyX2JhY2tlbmQiOiJiYWRnZXVzZXIuYmFja2VuZHMuQ2FjaGVkQXV0aGVudGljYXRpb25CYWNrZW5kIiwiX2F1dGhfdXNlcl9pZCI6IjEifQ==", "expire_date": "2020-06-01T16:35:09.402Z"}}, {"model": "sessions.session", "pk": "9me8bk58dor5sr6dw279zpsln0rwzhwy", "fields": {"session_data": "YzQ3MmRkMTUyOTRjNzU1ODRiMGViNWNiZDNmNTJhM2E1NmI1N2QzOTp7Il9hdXRoX3VzZXJfaGFzaCI6ImVjNTk2YzIyMGVjNzZmOTQ4MzNiZjBlZTZlYjFiYzE2YjJiZDRiOTYiLCJfYXV0aF91c2VyX2JhY2tlbmQiOiJiYWRnZXVzZXIuYmFja2VuZHMuQ2FjaGVkQXV0aGVudGljYXRpb25CYWNrZW5kIiwiX2F1dGhfdXNlcl9pZCI6IjEifQ==", "expire_date": "2019-08-24T15:13:48.493Z"}}, {"model": "sessions.session", "pk": "a08u1gyjfrukay7xdeja9bm8j6r7smp4", "fields": {"session_data": "YzQ3MmRkMTUyOTRjNzU1ODRiMGViNWNiZDNmNTJhM2E1NmI1N2QzOTp7Il9hdXRoX3VzZXJfaGFzaCI6ImVjNTk2YzIyMGVjNzZmOTQ4MzNiZjBlZTZlYjFiYzE2YjJiZDRiOTYiLCJfYXV0aF91c2VyX2JhY2tlbmQiOiJiYWRnZXVzZXIuYmFja2VuZHMuQ2FjaGVkQXV0aGVudGljYXRpb25CYWNrZW5kIiwiX2F1dGhfdXNlcl9pZCI6IjEifQ==", "expire_date": "2019-10-16T07:51:54.656Z"}}, {"model": "sessions.session", "pk": "a3so1m71e75st81ib9d0b609venwgdn1", "fields": {"session_data": "YzQ3MmRkMTUyOTRjNzU1ODRiMGViNWNiZDNmNTJhM2E1NmI1N2QzOTp7Il9hdXRoX3VzZXJfaGFzaCI6ImVjNTk2YzIyMGVjNzZmOTQ4MzNiZjBlZTZlYjFiYzE2YjJiZDRiOTYiLCJfYXV0aF91c2VyX2JhY2tlbmQiOiJiYWRnZXVzZXIuYmFja2VuZHMuQ2FjaGVkQXV0aGVudGljYXRpb25CYWNrZW5kIiwiX2F1dGhfdXNlcl9pZCI6IjEifQ==", "expire_date": "2020-10-23T14:02:43.220Z"}}, {"model": "sessions.session", "pk": "b4mu9p3fin94hfyc7i3jteqjz9hwtst8", "fields": {"session_data": "YzQ3MmRkMTUyOTRjNzU1ODRiMGViNWNiZDNmNTJhM2E1NmI1N2QzOTp7Il9hdXRoX3VzZXJfaGFzaCI6ImVjNTk2YzIyMGVjNzZmOTQ4MzNiZjBlZTZlYjFiYzE2YjJiZDRiOTYiLCJfYXV0aF91c2VyX2JhY2tlbmQiOiJiYWRnZXVzZXIuYmFja2VuZHMuQ2FjaGVkQXV0aGVudGljYXRpb25CYWNrZW5kIiwiX2F1dGhfdXNlcl9pZCI6IjEifQ==", "expire_date": "2021-01-27T15:42:19.043Z"}}, {"model": "sessions.session", "pk": "c6f9u26utnosjkah69x1o2n56rwuttum", "fields": {"session_data": "YzQ3MmRkMTUyOTRjNzU1ODRiMGViNWNiZDNmNTJhM2E1NmI1N2QzOTp7Il9hdXRoX3VzZXJfaGFzaCI6ImVjNTk2YzIyMGVjNzZmOTQ4MzNiZjBlZTZlYjFiYzE2YjJiZDRiOTYiLCJfYXV0aF91c2VyX2JhY2tlbmQiOiJiYWRnZXVzZXIuYmFja2VuZHMuQ2FjaGVkQXV0aGVudGljYXRpb25CYWNrZW5kIiwiX2F1dGhfdXNlcl9pZCI6IjEifQ==", "expire_date": "2019-08-25T20:36:38.242Z"}}, {"model": "sessions.session", "pk": "ennqko4ft0hkg7ii2tpt8bljqh1cb37t", "fields": {"session_data": "YzQ3MmRkMTUyOTRjNzU1ODRiMGViNWNiZDNmNTJhM2E1NmI1N2QzOTp7Il9hdXRoX3VzZXJfaGFzaCI6ImVjNTk2YzIyMGVjNzZmOTQ4MzNiZjBlZTZlYjFiYzE2YjJiZDRiOTYiLCJfYXV0aF91c2VyX2JhY2tlbmQiOiJiYWRnZXVzZXIuYmFja2VuZHMuQ2FjaGVkQXV0aGVudGljYXRpb25CYWNrZW5kIiwiX2F1dGhfdXNlcl9pZCI6IjEifQ==", "expire_date": "2021-02-08T08:39:36.269Z"}}, {"model": "sessions.session", "pk": "epah3m78xds55zun9h2lr61l1vuvnr42", "fields": {"session_data": "YzQ3MmRkMTUyOTRjNzU1ODRiMGViNWNiZDNmNTJhM2E1NmI1N2QzOTp7Il9hdXRoX3VzZXJfaGFzaCI6ImVjNTk2YzIyMGVjNzZmOTQ4MzNiZjBlZTZlYjFiYzE2YjJiZDRiOTYiLCJfYXV0aF91c2VyX2JhY2tlbmQiOiJiYWRnZXVzZXIuYmFja2VuZHMuQ2FjaGVkQXV0aGVudGljYXRpb25CYWNrZW5kIiwiX2F1dGhfdXNlcl9pZCI6IjEifQ==", "expire_date": "2020-03-18T10:21:16.900Z"}}, {"model": "sessions.session", "pk": "fhql5r8wfxuubayqsjxjfqf1eoepxp5d", "fields": {"session_data": "YzQ3MmRkMTUyOTRjNzU1ODRiMGViNWNiZDNmNTJhM2E1NmI1N2QzOTp7Il9hdXRoX3VzZXJfaGFzaCI6ImVjNTk2YzIyMGVjNzZmOTQ4MzNiZjBlZTZlYjFiYzE2YjJiZDRiOTYiLCJfYXV0aF91c2VyX2JhY2tlbmQiOiJiYWRnZXVzZXIuYmFja2VuZHMuQ2FjaGVkQXV0aGVudGljYXRpb25CYWNrZW5kIiwiX2F1dGhfdXNlcl9pZCI6IjEifQ==", "expire_date": "2020-10-23T15:39:19.264Z"}}, {"model": "sessions.session", "pk": "fqln40n31md6wsakpt0zwp5jhfyl7n3t", "fields": {"session_data": "YzQ3MmRkMTUyOTRjNzU1ODRiMGViNWNiZDNmNTJhM2E1NmI1N2QzOTp7Il9hdXRoX3VzZXJfaGFzaCI6ImVjNTk2YzIyMGVjNzZmOTQ4MzNiZjBlZTZlYjFiYzE2YjJiZDRiOTYiLCJfYXV0aF91c2VyX2JhY2tlbmQiOiJiYWRnZXVzZXIuYmFja2VuZHMuQ2FjaGVkQXV0aGVudGljYXRpb25CYWNrZW5kIiwiX2F1dGhfdXNlcl9pZCI6IjEifQ==", "expire_date": "2020-05-24T07:46:45.082Z"}}, {"model": "sessions.session", "pk": "gctzhh1yysojmqpjwuamlt85vitwatnt", "fields": {"session_data": "YzQ3MmRkMTUyOTRjNzU1ODRiMGViNWNiZDNmNTJhM2E1NmI1N2QzOTp7Il9hdXRoX3VzZXJfaGFzaCI6ImVjNTk2YzIyMGVjNzZmOTQ4MzNiZjBlZTZlYjFiYzE2YjJiZDRiOTYiLCJfYXV0aF91c2VyX2JhY2tlbmQiOiJiYWRnZXVzZXIuYmFja2VuZHMuQ2FjaGVkQXV0aGVudGljYXRpb25CYWNrZW5kIiwiX2F1dGhfdXNlcl9pZCI6IjEifQ==", "expire_date": "2019-09-12T11:39:35.461Z"}}, {"model": "sessions.session", "pk": "ghxhgjvmlgprnzr9zn5anxyeetxhqsik", "fields": {"session_data": "YzQ3MmRkMTUyOTRjNzU1ODRiMGViNWNiZDNmNTJhM2E1NmI1N2QzOTp7Il9hdXRoX3VzZXJfaGFzaCI6ImVjNTk2YzIyMGVjNzZmOTQ4MzNiZjBlZTZlYjFiYzE2YjJiZDRiOTYiLCJfYXV0aF91c2VyX2JhY2tlbmQiOiJiYWRnZXVzZXIuYmFja2VuZHMuQ2FjaGVkQXV0aGVudGljYXRpb25CYWNrZW5kIiwiX2F1dGhfdXNlcl9pZCI6IjEifQ==", "expire_date": "2019-09-12T11:41:19.884Z"}}, {"model": "sessions.session", "pk": "hhstj5nors0gxon7cdisq8h3iqulpvwb", "fields": {"session_data": "YzQ3MmRkMTUyOTRjNzU1ODRiMGViNWNiZDNmNTJhM2E1NmI1N2QzOTp7Il9hdXRoX3VzZXJfaGFzaCI6ImVjNTk2YzIyMGVjNzZmOTQ4MzNiZjBlZTZlYjFiYzE2YjJiZDRiOTYiLCJfYXV0aF91c2VyX2JhY2tlbmQiOiJiYWRnZXVzZXIuYmFja2VuZHMuQ2FjaGVkQXV0aGVudGljYXRpb25CYWNrZW5kIiwiX2F1dGhfdXNlcl9pZCI6IjEifQ==", "expire_date": "2020-10-27T09:34:09.341Z"}}, {"model": "sessions.session", "pk": "hpvyv5f5g1deyx9qxmwrhogmu3nkord3", "fields": {"session_data": "YzQ3MmRkMTUyOTRjNzU1ODRiMGViNWNiZDNmNTJhM2E1NmI1N2QzOTp7Il9hdXRoX3VzZXJfaGFzaCI6ImVjNTk2YzIyMGVjNzZmOTQ4MzNiZjBlZTZlYjFiYzE2YjJiZDRiOTYiLCJfYXV0aF91c2VyX2JhY2tlbmQiOiJiYWRnZXVzZXIuYmFja2VuZHMuQ2FjaGVkQXV0aGVudGljYXRpb25CYWNrZW5kIiwiX2F1dGhfdXNlcl9pZCI6IjEifQ==", "expire_date": "2019-10-03T14:59:54.831Z"}}, {"model": "sessions.session", "pk": "htjuddvn859kxzkygbezodcl34nbwmud", "fields": {"session_data": "YzQ3MmRkMTUyOTRjNzU1ODRiMGViNWNiZDNmNTJhM2E1NmI1N2QzOTp7Il9hdXRoX3VzZXJfaGFzaCI6ImVjNTk2YzIyMGVjNzZmOTQ4MzNiZjBlZTZlYjFiYzE2YjJiZDRiOTYiLCJfYXV0aF91c2VyX2JhY2tlbmQiOiJiYWRnZXVzZXIuYmFja2VuZHMuQ2FjaGVkQXV0aGVudGljYXRpb25CYWNrZW5kIiwiX2F1dGhfdXNlcl9pZCI6IjEifQ==", "expire_date": "2020-03-15T07:55:52.910Z"}}, {"model": "sessions.session", "pk": "ix8syp4zv5go0ak3qh23e1aab53ul0tv", "fields": {"session_data": "YzQ3MmRkMTUyOTRjNzU1ODRiMGViNWNiZDNmNTJhM2E1NmI1N2QzOTp7Il9hdXRoX3VzZXJfaGFzaCI6ImVjNTk2YzIyMGVjNzZmOTQ4MzNiZjBlZTZlYjFiYzE2YjJiZDRiOTYiLCJfYXV0aF91c2VyX2JhY2tlbmQiOiJiYWRnZXVzZXIuYmFja2VuZHMuQ2FjaGVkQXV0aGVudGljYXRpb25CYWNrZW5kIiwiX2F1dGhfdXNlcl9pZCI6IjEifQ==", "expire_date": "2020-05-26T12:39:02.565Z"}}, {"model": "sessions.session", "pk": "ixo0huj9bv7jo99op538v0rypwyyqztx", "fields": {"session_data": "YzQ3MmRkMTUyOTRjNzU1ODRiMGViNWNiZDNmNTJhM2E1NmI1N2QzOTp7Il9hdXRoX3VzZXJfaGFzaCI6ImVjNTk2YzIyMGVjNzZmOTQ4MzNiZjBlZTZlYjFiYzE2YjJiZDRiOTYiLCJfYXV0aF91c2VyX2JhY2tlbmQiOiJiYWRnZXVzZXIuYmFja2VuZHMuQ2FjaGVkQXV0aGVudGljYXRpb25CYWNrZW5kIiwiX2F1dGhfdXNlcl9pZCI6IjEifQ==", "expire_date": "2021-01-21T18:02:31.836Z"}}, {"model": "sessions.session", "pk": "jahlm1bmj7lktxs4ffoujpm09sh5zu8h", "fields": {"session_data": "YzQ3MmRkMTUyOTRjNzU1ODRiMGViNWNiZDNmNTJhM2E1NmI1N2QzOTp7Il9hdXRoX3VzZXJfaGFzaCI6ImVjNTk2YzIyMGVjNzZmOTQ4MzNiZjBlZTZlYjFiYzE2YjJiZDRiOTYiLCJfYXV0aF91c2VyX2JhY2tlbmQiOiJiYWRnZXVzZXIuYmFja2VuZHMuQ2FjaGVkQXV0aGVudGljYXRpb25CYWNrZW5kIiwiX2F1dGhfdXNlcl9pZCI6IjEifQ==", "expire_date": "2020-05-25T07:53:46.318Z"}}, {"model": "sessions.session", "pk": "kjba90med2ngb0h6mei7bmsyphqcyxpv", "fields": {"session_data": "YzQ3MmRkMTUyOTRjNzU1ODRiMGViNWNiZDNmNTJhM2E1NmI1N2QzOTp7Il9hdXRoX3VzZXJfaGFzaCI6ImVjNTk2YzIyMGVjNzZmOTQ4MzNiZjBlZTZlYjFiYzE2YjJiZDRiOTYiLCJfYXV0aF91c2VyX2JhY2tlbmQiOiJiYWRnZXVzZXIuYmFja2VuZHMuQ2FjaGVkQXV0aGVudGljYXRpb25CYWNrZW5kIiwiX2F1dGhfdXNlcl9pZCI6IjEifQ==", "expire_date": "2020-05-16T08:45:53.624Z"}}, {"model": "sessions.session", "pk": "kyeqa84kwt43vy012pttfinbo2f6zaj6", "fields": {"session_data": "YzQ3MmRkMTUyOTRjNzU1ODRiMGViNWNiZDNmNTJhM2E1NmI1N2QzOTp7Il9hdXRoX3VzZXJfaGFzaCI6ImVjNTk2YzIyMGVjNzZmOTQ4MzNiZjBlZTZlYjFiYzE2YjJiZDRiOTYiLCJfYXV0aF91c2VyX2JhY2tlbmQiOiJiYWRnZXVzZXIuYmFja2VuZHMuQ2FjaGVkQXV0aGVudGljYXRpb25CYWNrZW5kIiwiX2F1dGhfdXNlcl9pZCI6IjEifQ==", "expire_date": "2020-11-13T09:09:18.924Z"}}, {"model": "sessions.session", "pk": "n0wrqvgwgz6ekqsxr0aty01w8vkjad0n", "fields": {"session_data": "YTBjZGNmOThhNzE1YmY2MjM2NWJmMjJkODA4Yzg4MTY2NTNiNmE4ODp7Il9hdXRoX3VzZXJfaGFzaCI6IjI0MzNjNDk4NDIwNTIxYWRlYWFjZDZmMjFiNDcyNDdlZjI2MGUzN2MiLCJfYXV0aF91c2VyX2JhY2tlbmQiOiJiYWRnZXVzZXIuYmFja2VuZHMuQ2FjaGVkQXV0aGVudGljYXRpb25CYWNrZW5kIiwiX2F1dGhfdXNlcl9pZCI6IjMifQ==", "expire_date": "2019-08-26T10:04:08.966Z"}}, {"model": "sessions.session", "pk": "njlxhke55gpp3s84snmynp9va1oqtwt6", "fields": {"session_data": "YzQ3MmRkMTUyOTRjNzU1ODRiMGViNWNiZDNmNTJhM2E1NmI1N2QzOTp7Il9hdXRoX3VzZXJfaGFzaCI6ImVjNTk2YzIyMGVjNzZmOTQ4MzNiZjBlZTZlYjFiYzE2YjJiZDRiOTYiLCJfYXV0aF91c2VyX2JhY2tlbmQiOiJiYWRnZXVzZXIuYmFja2VuZHMuQ2FjaGVkQXV0aGVudGljYXRpb25CYWNrZW5kIiwiX2F1dGhfdXNlcl9pZCI6IjEifQ==", "expire_date": "2019-11-21T10:02:55.114Z"}}, {"model": "sessions.session", "pk": "nqzxvui3qlps5n1012yz0903k73lb8ie", "fields": {"session_data": "YzQ3MmRkMTUyOTRjNzU1ODRiMGViNWNiZDNmNTJhM2E1NmI1N2QzOTp7Il9hdXRoX3VzZXJfaGFzaCI6ImVjNTk2YzIyMGVjNzZmOTQ4MzNiZjBlZTZlYjFiYzE2YjJiZDRiOTYiLCJfYXV0aF91c2VyX2JhY2tlbmQiOiJiYWRnZXVzZXIuYmFja2VuZHMuQ2FjaGVkQXV0aGVudGljYXRpb25CYWNrZW5kIiwiX2F1dGhfdXNlcl9pZCI6IjEifQ==", "expire_date": "2019-09-15T11:42:02.862Z"}}, {"model": "sessions.session", "pk": "nrx8v21mxln9eume7tft8znwn86i12v8", "fields": {"session_data": "YzQ3MmRkMTUyOTRjNzU1ODRiMGViNWNiZDNmNTJhM2E1NmI1N2QzOTp7Il9hdXRoX3VzZXJfaGFzaCI6ImVjNTk2YzIyMGVjNzZmOTQ4MzNiZjBlZTZlYjFiYzE2YjJiZDRiOTYiLCJfYXV0aF91c2VyX2JhY2tlbmQiOiJiYWRnZXVzZXIuYmFja2VuZHMuQ2FjaGVkQXV0aGVudGljYXRpb25CYWNrZW5kIiwiX2F1dGhfdXNlcl9pZCI6IjEifQ==", "expire_date": "2020-05-24T09:09:31.036Z"}}, {"model": "sessions.session", "pk": "o33wtecvmikaay09nz9vymci6ndvchho", "fields": {"session_data": "YzQ3MmRkMTUyOTRjNzU1ODRiMGViNWNiZDNmNTJhM2E1NmI1N2QzOTp7Il9hdXRoX3VzZXJfaGFzaCI6ImVjNTk2YzIyMGVjNzZmOTQ4MzNiZjBlZTZlYjFiYzE2YjJiZDRiOTYiLCJfYXV0aF91c2VyX2JhY2tlbmQiOiJiYWRnZXVzZXIuYmFja2VuZHMuQ2FjaGVkQXV0aGVudGljYXRpb25CYWNrZW5kIiwiX2F1dGhfdXNlcl9pZCI6IjEifQ==", "expire_date": "2021-02-08T08:27:59.201Z"}}, {"model": "sessions.session", "pk": "olf0gy5gsa7m0bvqxciovhfdokfppnhl", "fields": {"session_data": "YzQ3MmRkMTUyOTRjNzU1ODRiMGViNWNiZDNmNTJhM2E1NmI1N2QzOTp7Il9hdXRoX3VzZXJfaGFzaCI6ImVjNTk2YzIyMGVjNzZmOTQ4MzNiZjBlZTZlYjFiYzE2YjJiZDRiOTYiLCJfYXV0aF91c2VyX2JhY2tlbmQiOiJiYWRnZXVzZXIuYmFja2VuZHMuQ2FjaGVkQXV0aGVudGljYXRpb25CYWNrZW5kIiwiX2F1dGhfdXNlcl9pZCI6IjEifQ==", "expire_date": "2019-10-03T10:49:19.405Z"}}, {"model": "sessions.session", "pk": "op6becod7lp31lje5ugidxq9t05hpb8y", "fields": {"session_data": "ZDNiNjAxOTkwNGQyMWI4YjYzOWUzNmJlNmRjNWNmMWY1MGE3ZDVjZDp7Il9hdXRoX3VzZXJfaGFzaCI6ImVjNTk2YzIyMGVjNzZmOTQ4MzNiZjBlZTZlYjFiYzE2YjJiZDRiOTYiLCJfYXV0aF91c2VyX2JhY2tlbmQiOiJiYWRnZXVzZXIuYmFja2VuZHMuQ2FjaGVkTW9kZWxCYWNrZW5kIiwiX2F1dGhfdXNlcl9pZCI6IjEifQ==", "expire_date": "2021-01-06T08:59:49.228Z"}}, {"model": "sessions.session", "pk": "teqbao1qf7m5nv06sl07o4exp5a4m41f", "fields": {"session_data": "YzQ3MmRkMTUyOTRjNzU1ODRiMGViNWNiZDNmNTJhM2E1NmI1N2QzOTp7Il9hdXRoX3VzZXJfaGFzaCI6ImVjNTk2YzIyMGVjNzZmOTQ4MzNiZjBlZTZlYjFiYzE2YjJiZDRiOTYiLCJfYXV0aF91c2VyX2JhY2tlbmQiOiJiYWRnZXVzZXIuYmFja2VuZHMuQ2FjaGVkQXV0aGVudGljYXRpb25CYWNrZW5kIiwiX2F1dGhfdXNlcl9pZCI6IjEifQ==", "expire_date": "2021-02-12T16:40:09.442Z"}}, {"model": "sessions.session", "pk": "tnjj9540npg9hc3aq87z90pkp6aanjg8", "fields": {"session_data": "YzQ3MmRkMTUyOTRjNzU1ODRiMGViNWNiZDNmNTJhM2E1NmI1N2QzOTp7Il9hdXRoX3VzZXJfaGFzaCI6ImVjNTk2YzIyMGVjNzZmOTQ4MzNiZjBlZTZlYjFiYzE2YjJiZDRiOTYiLCJfYXV0aF91c2VyX2JhY2tlbmQiOiJiYWRnZXVzZXIuYmFja2VuZHMuQ2FjaGVkQXV0aGVudGljYXRpb25CYWNrZW5kIiwiX2F1dGhfdXNlcl9pZCI6IjEifQ==", "expire_date": "2020-06-21T11:43:20.231Z"}}, {"model": "sessions.session", "pk": "wvd6glo49cxggdw6i2ltln49yphsbfcu", "fields": {"session_data": "YzQ3MmRkMTUyOTRjNzU1ODRiMGViNWNiZDNmNTJhM2E1NmI1N2QzOTp7Il9hdXRoX3VzZXJfaGFzaCI6ImVjNTk2YzIyMGVjNzZmOTQ4MzNiZjBlZTZlYjFiYzE2YjJiZDRiOTYiLCJfYXV0aF91c2VyX2JhY2tlbmQiOiJiYWRnZXVzZXIuYmFja2VuZHMuQ2FjaGVkQXV0aGVudGljYXRpb25CYWNrZW5kIiwiX2F1dGhfdXNlcl9pZCI6IjEifQ==", "expire_date": "2020-06-05T13:11:41.689Z"}}, {"model": "sessions.session", "pk": "x5jutgcugv45pndky4jfysy90kxu8370", "fields": {"session_data": "YzQ3MmRkMTUyOTRjNzU1ODRiMGViNWNiZDNmNTJhM2E1NmI1N2QzOTp7Il9hdXRoX3VzZXJfaGFzaCI6ImVjNTk2YzIyMGVjNzZmOTQ4MzNiZjBlZTZlYjFiYzE2YjJiZDRiOTYiLCJfYXV0aF91c2VyX2JhY2tlbmQiOiJiYWRnZXVzZXIuYmFja2VuZHMuQ2FjaGVkQXV0aGVudGljYXRpb25CYWNrZW5kIiwiX2F1dGhfdXNlcl9pZCI6IjEifQ==", "expire_date": "2021-02-07T11:29:06.306Z"}}, {"model": "sessions.session", "pk": "yb8d0yneec8576ug77ma7wt4r0z3g6mw", "fields": {"session_data": "YzQ3MmRkMTUyOTRjNzU1ODRiMGViNWNiZDNmNTJhM2E1NmI1N2QzOTp7Il9hdXRoX3VzZXJfaGFzaCI6ImVjNTk2YzIyMGVjNzZmOTQ4MzNiZjBlZTZlYjFiYzE2YjJiZDRiOTYiLCJfYXV0aF91c2VyX2JhY2tlbmQiOiJiYWRnZXVzZXIuYmFja2VuZHMuQ2FjaGVkQXV0aGVudGljYXRpb25CYWNrZW5kIiwiX2F1dGhfdXNlcl9pZCI6IjEifQ==", "expire_date": "2021-02-08T10:18:53.424Z"}}, {"model": "sessions.session", "pk": "yw097ma1b1j2din1pd1pl326saxkpoj8", "fields": {"session_data": "YzQ3MmRkMTUyOTRjNzU1ODRiMGViNWNiZDNmNTJhM2E1NmI1N2QzOTp7Il9hdXRoX3VzZXJfaGFzaCI6ImVjNTk2YzIyMGVjNzZmOTQ4MzNiZjBlZTZlYjFiYzE2YjJiZDRiOTYiLCJfYXV0aF91c2VyX2JhY2tlbmQiOiJiYWRnZXVzZXIuYmFja2VuZHMuQ2FjaGVkQXV0aGVudGljYXRpb25CYWNrZW5kIiwiX2F1dGhfdXNlcl9pZCI6IjEifQ==", "expire_date": "2019-12-02T14:04:43.051Z"}}, {"model": "sessions.session", "pk": "zpw4r59joh1j3b2jd0b5gczcssojbucy", "fields": {"session_data": "YzQ3MmRkMTUyOTRjNzU1ODRiMGViNWNiZDNmNTJhM2E1NmI1N2QzOTp7Il9hdXRoX3VzZXJfaGFzaCI6ImVjNTk2YzIyMGVjNzZmOTQ4MzNiZjBlZTZlYjFiYzE2YjJiZDRiOTYiLCJfYXV0aF91c2VyX2JhY2tlbmQiOiJiYWRnZXVzZXIuYmFja2VuZHMuQ2FjaGVkQXV0aGVudGljYXRpb25CYWNrZW5kIiwiX2F1dGhfdXNlcl9pZCI6IjEifQ==", "expire_date": "2021-02-08T11:02:16.381Z"}}, {"model": "sessions.session", "pk": "zu5jyvx7jd98zh7jtxjc3nuv1ii7cjkk", "fields": {"session_data": "YzQ3MmRkMTUyOTRjNzU1ODRiMGViNWNiZDNmNTJhM2E1NmI1N2QzOTp7Il9hdXRoX3VzZXJfaGFzaCI6ImVjNTk2YzIyMGVjNzZmOTQ4MzNiZjBlZTZlYjFiYzE2YjJiZDRiOTYiLCJfYXV0aF91c2VyX2JhY2tlbmQiOiJiYWRnZXVzZXIuYmFja2VuZHMuQ2FjaGVkQXV0aGVudGljYXRpb25CYWNrZW5kIiwiX2F1dGhfdXNlcl9pZCI6IjEifQ==", "expire_date": "2021-02-04T14:20:11.176Z"}}, {"model": "sites.site", "pk": 1, "fields": {"domain": "example.com", "name": "example.com"}}, {"model": "badgeuser.badgeuser", "pk": 1, "fields": {"password": "pbkdf2_sha256$36000$7yoDVkD601LT$+sG946jMqyiTLkR6ABq5Kb4V7Uvv9k6sfKOUpVg5dqI=", "last_login": null, "is_superuser": true, "username": "daniel", "first_name": "", "last_name": "", "email": "benzaked@post.bgu.ac.il", "is_staff": true, "is_active": true, "date_joined": "2019-08-10T12:44:14.266Z", "entity_version": 3, "entity_id": "DpzoVC8HToCSaZZIlNPCQg", "badgrapp": null, "marketing_opt_in": false, "groups": [], "user_permissions": []}}, {"model": "badgeuser.badgeuser", "pk": 3, "fields": {"password": "pbkdf2_sha256$36000$daLbMJlGpEjN$R9hQCDe49ZIbwR6i8vo/8+T7ZHWsHtnow82R73XFI3I=", "last_login": null, "is_superuser": true, "username": "Avi", "first_name": "", "last_name": "", "email": "avisegal@gmail.com", "is_staff": true, "is_active": true, "date_joined": "2019-08-10T13:29:43.198Z", "entity_version": 2, "entity_id": "-gq8RDJ3RI-VW3YRWy9zPw", "badgrapp": null, "marketing_opt_in": false, "groups": [], "user_permissions": []}}, {"model": "badgeuser.badgeuser", "pk": 5, "fields": {"password": "pbkdf2_sha256$36000$iC3m5EAWCbCJ$MItCXnDXkriQwt/iIZ6hTRka8ua//xNK23iaD6PJWWA=", "last_login": null, "is_superuser": true, "username": "WeNet", "first_name": "", "last_name": "", "email": "wenet.badges@gmail.com", "is_staff": true, "is_active": true, "date_joined": "2020-01-20T09:15:44.665Z", "entity_version": 3, "entity_id": "R7Kk2wD3RJaNLVIjqckQWw", "badgrapp": null, "marketing_opt_in": false, "groups": [], "user_permissions": []}}, {"model": "badgeuser.badgeuser", "pk": 7, "fields": {"password": "dasdas", "last_login": null, "is_superuser": false, "username": "badgrsHajt0xZa2ymTPJsSCZCZQ==", "first_name": "Daniel", "last_name": "Zaken", "email": "benzaked@podasdast.bgu.ac.il", "is_staff": false, "is_active": true, "date_joined": "2020-05-10T10:22:28.578Z", "entity_version": 2, "entity_id": "VlSi8ygERJiYy_RyYaqpLQ", "badgrapp": 1, "marketing_opt_in": false, "groups": [], "user_permissions": []}}, {"model": "badgeuser.badgeuser", "pk": 18, "fields": {"password": "pbkdf2_sha256$36000$CF7oDlkRIqWR$Wf/endWhFzSkwV70fjrufzLF+2peGe6OAaStxEMKVh0=", "last_login": null, "is_superuser": false, "username": "badgreDGv3e2MIApTWUgtwo5InA==", "first_name": "Kelly", "last_name": "Williams", "email": "olivia92@gmail.com", "is_staff": false, "is_active": true, "date_joined": "2020-05-10T13:12:40.461Z", "entity_version": 2, "entity_id": "mbK9PGbCQvKlUrUNmTndkQ", "badgrapp": 1, "marketing_opt_in": false, "groups": [], "user_permissions": []}}, {"model": "badgeuser.badgeuser", "pk": 19, "fields": {"password": "pbkdf2_sha256$36000$uAaMmJCD6A8T$WLA5eTug/Vogf3xozgpsSNL4RwdeIJTqciNA/gZcumI=", "last_login": null, "is_superuser": false, "username": "badgrp6cBLSZeuQIZK7w2b+HQcQ==", "first_name": "Erika", "last_name": "Lawrence", "email": "allenandrea@gmail.com", "is_staff": false, "is_active": true, "date_joined": "2020-05-11T07:52:52.326Z", "entity_version": 2, "entity_id": "5qGjobODSiK3QFeW9ubKAA", "badgrapp": 1, "marketing_opt_in": false, "groups": [], "user_permissions": []}}, {"model": "badgeuser.badgeuser", "pk": 20, "fields": {"password": "pbkdf2_sha256$36000$g1IEQF6HpiMc$5Bt/bD2/rogw4nqh9weYwyYPDf6ST5VrZyvnf50dYs4=", "last_login": null, "is_superuser": false, "username": "badgrEbreLM0DwL0qKphW2Ydozw==", "first_name": "Paul", "last_name": "Tucker", "email": "nicholasmontes@ross.com", "is_staff": false, "is_active": true, "date_joined": "2020-05-17T09:40:40.311Z", "entity_version": 2, "entity_id": "Nt6PAMLXSEyFmakb_ut_2g", "badgrapp": 1, "marketing_opt_in": false, "groups": [], "user_permissions": []}}, {"model": "badgeuser.badgeuser", "pk": 21, "fields": {"password": "pbkdf2_sha256$36000$dpwPgkicJRcj$JagDgsFZb1MlZUjznOT2+lZ1/IhWpBcy4/9c64OcOHo=", "last_login": null, "is_superuser": false, "username": "badgruXTPfS4JcdCsokpRcIy1xA==", "first_name": "Ashley", "last_name": "Wright", "email": "watsonmichael@aguilar.com", "is_staff": false, "is_active": true, "date_joined": "2020-05-17T09:40:44.708Z", "entity_version": 2, "entity_id": "f0w6HHlqTz2LYdnRNRPWRA", "badgrapp": 1, "marketing_opt_in": false, "groups": [], "user_permissions": []}}, {"model": "badgeuser.badgeuser", "pk": 22, "fields": {"password": "pbkdf2_sha256$36000$ehTZdx7pk4bG$e9nW3tl+DHrGZG+hAvQcI15NKnWcdPvzbz99pvB5+Vk=", "last_login": null, "is_superuser": false, "username": "badgrWBAiTdICzJ8tZAk6AePl/w==", "first_name": "Mario", "last_name": "Campbell", "email": "kristin25@yahoo.com", "is_staff": false, "is_active": true, "date_joined": "2020-05-17T09:40:49.933Z", "entity_version": 2, "entity_id": "KApx32bURYWjJJPcbaaLVA", "badgrapp": 1, "marketing_opt_in": false, "groups": [], "user_permissions": []}}, {"model": "badgeuser.badgeuser", "pk": 23, "fields": {"password": "pbkdf2_sha256$36000$kVW2L6wIwgyw$gdIfIXFMJ7iDwCcXU6wZhkOoMl+3o3ERdmuYEXLgv0o=", "last_login": null, "is_superuser": false, "username": "badgr7Lyq4YEZDFql1pzcEbGYlQ==", "first_name": "Katrina", "last_name": "Williams", "email": "sanchezjoseph@floyd-williams.info", "is_staff": false, "is_active": true, "date_joined": "2020-05-17T09:40:51.317Z", "entity_version": 2, "entity_id": "8u0unjpzSfC8srWhueCS-g", "badgrapp": 1, "marketing_opt_in": false, "groups": [], "user_permissions": []}}, {"model": "badgeuser.badgeuser", "pk": 24, "fields": {"password": "pbkdf2_sha256$36000$vMyB20OL7ZnH$jYx+nBBbkKoE6oPxciXqa9lCnQCTwJ+AjUIW61w6oVo=", "last_login": null, "is_superuser": false, "username": "badgrlJCeo4iOO2UfEOeCTrJZtQ==", "first_name": "Amber", "last_name": "Green", "email": "hfleming@williams-santos.biz", "is_staff": false, "is_active": true, "date_joined": "2020-05-17T09:40:52.658Z", "entity_version": 2, "entity_id": "CQBGWGTXQG2pZaebjK9Mrg", "badgrapp": 1, "marketing_opt_in": false, "groups": [], "user_permissions": []}}, {"model": "badgeuser.badgeuser", "pk": 25, "fields": {"password": "pbkdf2_sha256$36000$NVeExzBaJoC5$KZlMm6SNmNoKDLeKxTeID3feKGUsopzoKBICvKJuxNc=", "last_login": null, "is_superuser": false, "username": "badgrxYBKZHdLqiSJuVlHCs0PHA==", "first_name": "Emma", "last_name": "Serrano", "email": "ahiggins@gmail.com", "is_staff": false, "is_active": true, "date_joined": "2020-05-17T09:41:43.365Z", "entity_version": 2, "entity_id": "joo7oftyQKmrB7pe2ma52Q", "badgrapp": 1, "marketing_opt_in": false, "groups": [], "user_permissions": []}}, {"model": "badgeuser.badgeuser", "pk": 26, "fields": {"password": "pbkdf2_sha256$36000$HyiFuERMJjHs$Tg4HqxOQzwxL0qEtiw8lVvnM6My3w169DBFZeraSyXw=", "last_login": null, "is_superuser": false, "username": "badgr4oBemJP/tIdMHTwAkgvUiw==", "first_name": "Brianna", "last_name": "Willis", "email": "ashley30@yahoo.com", "is_staff": false, "is_active": true, "date_joined": "2020-05-17T10:18:35.533Z", "entity_version": 2, "entity_id": "DPgTVXKYQGq_sYM6pT3l-Q", "badgrapp": 1, "marketing_opt_in": false, "groups": [], "user_permissions": []}}, {"model": "badgeuser.badgeuser", "pk": 27, "fields": {"password": "pbkdf2_sha256$36000$2jIF0DObyhdu$Kj8UDJ7oGOKTEEZnNVd8n1xbihZjipouVFGBh/g6bio=", "last_login": null, "is_superuser": false, "username": "badgrzaUo81AgE32cPF3lZgKedg==", "first_name": "Raymond", "last_name": "Hernandez", "email": "talvarado@alexander-coleman.com", "is_staff": false, "is_active": true, "date_joined": "2020-05-17T10:19:28.259Z", "entity_version": 2, "entity_id": "syRslmfqQVCp_TY8i3K19Q", "badgrapp": 1, "marketing_opt_in": false, "groups": [], "user_permissions": []}}, {"model": "badgeuser.badgeuser", "pk": 28, "fields": {"password": "pbkdf2_sha256$36000$iZFEN5rEq7op$0Yw6x4PEIkSMlUlNXA7EWQd6bGPyxP0mpItnKmsxqlI=", "last_login": null, "is_superuser": false, "username": "badgrZpElGvTXDCMy/uJN28pVTg==", "first_name": "Matthew", "last_name": "Ruiz", "email": "sue33@yahoo.com", "is_staff": false, "is_active": true, "date_joined": "2020-05-17T10:19:39.615Z", "entity_version": 2, "entity_id": "-JXsFczETJeCvkgTJVfSAQ", "badgrapp": 1, "marketing_opt_in": false, "groups": [], "user_permissions": []}}, {"model": "badgeuser.badgeuser", "pk": 29, "fields": {"password": "pbkdf2_sha256$36000$n7snab5D7sXb$YTkNLvY4r/zSEDR49dLY9F0fOL0FXIQoB9dIpgelzBM=", "last_login": null, "is_superuser": false, "username": "badgrC+liympHr6sscUQstfHXyg==", "first_name": "Joseph", "last_name": "Jacobs", "email": "brett67@yahoo.com", "is_staff": false, "is_active": true, "date_joined": "2020-05-17T10:19:40.931Z", "entity_version": 2, "entity_id": "k2rpvuThS8mGOYvGRzFfRg", "badgrapp": 1, "marketing_opt_in": false, "groups": [], "user_permissions": []}}, {"model": "badgeuser.badgeuser", "pk": 30, "fields": {"password": "pbkdf2_sha256$36000$zdGKLZjTRIjw$+ETAx/joeiYroorN/Ze4O9hTWQjiCF7x+2U8EsNByDQ=", "last_login": null, "is_superuser": false, "username": "badgrdUf6x+xpANEUZDkTBE4VLw==", "first_name": "Hannah", "last_name": "Riley", "email": "huffmangarrett@coleman.com", "is_staff": false, "is_active": true, "date_joined": "2020-05-17T10:19:42.265Z", "entity_version": 2, "entity_id": "ayHD1G95TzS0MJWalr9S8w", "badgrapp": 1, "marketing_opt_in": false, "groups": [], "user_permissions": []}}, {"model": "badgeuser.badgeuser", "pk": 31, "fields": {"password": "pbkdf2_sha256$36000$5e9is4VF1FOY$/G5vJrFCHk1HYs7sy1GpNdC/SzuI7LCN0dCK/JnRGjw=", "last_login": null, "is_superuser": false, "username": "badgrSsB8/Ajgxs7z7aLKTJBG+w==", "first_name": "Nicholas", "last_name": "Braun", "email": "millerpenny@soto.biz", "is_staff": false, "is_active": true, "date_joined": "2020-05-17T10:19:43.694Z", "entity_version": 2, "entity_id": "DKi4XBKdQTKB0lNOJN59-Q", "badgrapp": 1, "marketing_opt_in": false, "groups": [], "user_permissions": []}}, {"model": "badgeuser.badgeuser", "pk": 32, "fields": {"password": "pbkdf2_sha256$36000$eONIkmF2Fy10$5RaPE+UrpvLseRv0019MKco2uLb2ToPP10yw9x8z4uc=", "last_login": null, "is_superuser": false, "username": "badgr4hYvL0wfChmBVEPKxbaAWw==", "first_name": "Kyle", "last_name": "Barnett", "email": "eshepard@boyd-tanner.com", "is_staff": false, "is_active": true, "date_joined": "2020-05-17T10:19:51.798Z", "entity_version": 2, "entity_id": "mcgQHh2MR1WX0CIgf3Yskg", "badgrapp": 1, "marketing_opt_in": false, "groups": [], "user_permissions": []}}, {"model": "badgeuser.badgeuser", "pk": 33, "fields": {"password": "pbkdf2_sha256$36000$Ke5ngt7neVCn$t0rdDJpF62t6FyLWayMwDpxCOLgG06ZeSL2yuzUXxvo=", "last_login": null, "is_superuser": false, "username": "badgrhjPFgKianvfFGN5mjwFvvw==", "first_name": "Robert", "last_name": "Johnson", "email": "tiffanyjohnson@gmail.com", "is_staff": false, "is_active": true, "date_joined": "2020-05-17T10:19:53.103Z", "entity_version": 2, "entity_id": "RbRmnWvpS5SJQPemKKwjLg", "badgrapp": 1, "marketing_opt_in": false, "groups": [], "user_permissions": []}}, {"model": "badgeuser.badgeuser", "pk": 34, "fields": {"password": "pbkdf2_sha256$36000$we7RKS4UibfZ$cPooM7WODdtZXuKx15qnA0so/8A01PFQ5bQPmimAHDg=", "last_login": null, "is_superuser": false, "username": "badgrNYrdvkWQdZt9sE9hWRE6ow==", "first_name": "Michelle", "last_name": "Young", "email": "jennifergilbert@pacheco-wright.biz", "is_staff": false, "is_active": true, "date_joined": "2020-05-17T10:20:25.587Z", "entity_version": 2, "entity_id": "e13VmNTKQCCKkRuM8_JPSw", "badgrapp": 1, "marketing_opt_in": false, "groups": [], "user_permissions": []}}, {"model": "badgeuser.badgeuser", "pk": 35, "fields": {"password": "pbkdf2_sha256$36000$XEqALFRI9thK$ZFHgiVG0jqZgPpMIPk4nVKOcYQDmn1TUAO2qtPF0lic=", "last_login": null, "is_superuser": false, "username": "badgrjFQxJJ2mFZ+lX/uQWa+vKw==", "first_name": "Dawn", "last_name": "Bailey", "email": "eringarcia@gmail.com", "is_staff": false, "is_active": true, "date_joined": "2020-05-17T10:21:34.099Z", "entity_version": 2, "entity_id": "zsBLQ-h2RnyXxzLVNblwYA", "badgrapp": 1, "marketing_opt_in": false, "groups": [], "user_permissions": []}}, {"model": "badgeuser.badgeuser", "pk": 36, "fields": {"password": "pbkdf2_sha256$36000$NAPg6lpVKgBc$rSb/Uv6xQsTIDInnUgRJVEmIEi9Q7uff9b+7F5CrrpU=", "last_login": null, "is_superuser": false, "username": "badgrLzHf6xCv1HMmChWsVZTQhA==", "first_name": "Charles", "last_name": "Perez", "email": "fernandezgabriel@hotmail.com", "is_staff": false, "is_active": true, "date_joined": "2020-05-17T10:21:35.410Z", "entity_version": 2, "entity_id": "0QJIHFY7QKy4Y5WB8b2AsQ", "badgrapp": 1, "marketing_opt_in": false, "groups": [], "user_permissions": []}}, {"model": "badgeuser.badgeuser", "pk": 37, "fields": {"password": "pbkdf2_sha256$36000$9RrPub3hRdqf$ti2aFNe/Cfg8neiezUkS1yjDkh2PsbBFOKGvVYFjKro=", "last_login": null, "is_superuser": false, "username": "badgrdTwtkMKSCCZ0d9LMmIrkog==", "first_name": "William", "last_name": "Santiago", "email": "amy05@thompson-king.biz", "is_staff": false, "is_active": true, "date_joined": "2020-05-17T10:21:36.762Z", "entity_version": 2, "entity_id": "10FU7ZjSQIOyAQSP3oZ89A", "badgrapp": 1, "marketing_opt_in": false, "groups": [], "user_permissions": []}}, {"model": "badgeuser.badgeuser", "pk": 38, "fields": {"password": "pbkdf2_sha256$36000$Y5ca07LNH3qP$JNDF56tep8QlJXOqDnfv3yzxmwcJE8CUdZhTm1W/4Gk=", "last_login": null, "is_superuser": false, "username": "badgrMY4S34e8jRkk79LGbNRNJg==", "first_name": "Erika", "last_name": "Evans", "email": "ajackson@gmail.com", "is_staff": false, "is_active": true, "date_joined": "2020-05-17T10:21:38.096Z", "entity_version": 2, "entity_id": "g1xx3kRtReGzFlVIj6aBEg", "badgrapp": 1, "marketing_opt_in": false, "groups": [], "user_permissions": []}}, {"model": "badgeuser.badgeuser", "pk": 39, "fields": {"password": "pbkdf2_sha256$36000$wXwIJuorBykf$lfNRZHzqENEaCAqABgQSzhv592rzzw994NWgN06mY3A=", "last_login": null, "is_superuser": false, "username": "badgryygN8mh1Z8gNyKYauyrpzg==", "first_name": "Jennifer", "last_name": "Johnson", "email": "howardnicole@rojas.com", "is_staff": false, "is_active": true, "date_joined": "2020-05-17T10:21:43.010Z", "entity_version": 2, "entity_id": "c0Su836cTK-nH7dMD8_0Bg", "badgrapp": 1, "marketing_opt_in": false, "groups": [], "user_permissions": []}}, {"model": "badgeuser.badgeuser", "pk": 40, "fields": {"password": "pbkdf2_sha256$36000$shUyXLLHdzgo$f4RnW2nmbiRQ6+4kpPepqaEjX3UCzbmv8PE2SZkBg0w=", "last_login": null, "is_superuser": false, "username": "badgrxpdjoAV5iGxU9t9E+o5imQ==", "first_name": "Christopher", "last_name": "Davila", "email": "tylersolis@hotmail.com", "is_staff": false, "is_active": true, "date_joined": "2020-05-17T10:21:44.540Z", "entity_version": 2, "entity_id": "1urNpwcaR1mkRsLOzkobwA", "badgrapp": 1, "marketing_opt_in": false, "groups": [], "user_permissions": []}}, {"model": "badgeuser.badgeuser", "pk": 41, "fields": {"password": "pbkdf2_sha256$36000$bVuAfjyOutSQ$whusmbaI2tlaUE7tUSWqxrjytip2FykExBCWnxQHtl8=", "last_login": null, "is_superuser": false, "username": "badgreXXYrh7Nhnr8SUwkDJ8zZQ==", "first_name": "Kenneth", "last_name": "Graham", "email": "ravenbentley@yahoo.com", "is_staff": false, "is_active": true, "date_joined": "2020-05-17T10:21:56.286Z", "entity_version": 2, "entity_id": "pwLnNDTeRxy8jleRZm4lKA", "badgrapp": 1, "marketing_opt_in": false, "groups": [], "user_permissions": []}}, {"model": "badgeuser.badgeuser", "pk": 42, "fields": {"password": "pbkdf2_sha256$36000$owlLFExkgqlA$9WKWB/CS4z9KDSYgknPo2IvGc2Uh6V3YAIShf3JokCg=", "last_login": null, "is_superuser": false, "username": "badgrHfRFb/vNs0Qv5lQy5EMMwg==", "first_name": "Juan", "last_name": "Hudson", "email": "anne32@yahoo.com", "is_staff": false, "is_active": true, "date_joined": "2020-05-17T10:21:59.277Z", "entity_version": 2, "entity_id": "7wXcVSBeSc-zjAOns7twGQ", "badgrapp": 1, "marketing_opt_in": false, "groups": [], "user_permissions": []}}, {"model": "badgeuser.badgeuser", "pk": 43, "fields": {"password": "pbkdf2_sha256$36000$rFW3bDGSwYsL$IVAniPmXh2S8ggxVoANiijaB4qx24dZXF2YylAAv+0Y=", "last_login": null, "is_superuser": false, "username": "badgrApejP54A5uzR+7P84OJSjA==", "first_name": "Scott", "last_name": "Nielsen", "email": "charleswood@yahoo.com", "is_staff": false, "is_active": true, "date_joined": "2020-05-17T12:18:51.169Z", "entity_version": 2, "entity_id": "uuUYRKLcR7aSgVFO-_huXA", "badgrapp": 1, "marketing_opt_in": false, "groups": [], "user_permissions": []}}, {"model": "badgeuser.badgeuser", "pk": 44, "fields": {"password": "pbkdf2_sha256$36000$14Bt1CLSyKDd$N/ba2clxqe18N6i5zQzkaSAa48d4jC/GdelLQRlS4+I=", "last_login": null, "is_superuser": false, "username": "badgrB0t5cH3pGQstbu1bjMdO9g==", "first_name": "Jesus", "last_name": "Murphy", "email": "ahunter@cook.biz", "is_staff": false, "is_active": true, "date_joined": "2020-05-17T12:33:44.497Z", "entity_version": 2, "entity_id": "iKyzSil1TrmD6lgQqKBHaw", "badgrapp": 1, "marketing_opt_in": false, "groups": [], "user_permissions": []}}, {"model": "badgeuser.badgeuser", "pk": 45, "fields": {"password": "pbkdf2_sha256$36000$tQQs1nbSgWSm$n2DOnSvlVPEZrpcApSsN17eJ6/KS61Fkgf8r5ZblqzM=", "last_login": null, "is_superuser": false, "username": "badgrSbnrKq5upyr9QjMIUpt0jg==", "first_name": "Colin", "last_name": "Hendrix", "email": "bmartinez@hotmail.com", "is_staff": false, "is_active": true, "date_joined": "2020-05-17T15:39:52.901Z", "entity_version": 2, "entity_id": "SNownBPCQFCyEuA1immyOQ", "badgrapp": 1, "marketing_opt_in": false, "groups": [], "user_permissions": []}}, {"model": "badgeuser.badgeuser", "pk": 46, "fields": {"password": "pbkdf2_sha256$36000$ZskO4VVXIUJ3$8I6Eyoxw7Rs9sfRBqLZamoc2oczdgKNAC1pWtAebB8s=", "last_login": null, "is_superuser": false, "username": "badgr/u9cj3Gn7PWl132RuVrzmg==", "first_name": "Tammy", "last_name": "Blackburn", "email": "edwardsvicki@kirk.com", "is_staff": false, "is_active": true, "date_joined": "2020-05-17T15:39:54.286Z", "entity_version": 2, "entity_id": "ZoR7gn_MS-6I5tWM0Yf4kg", "badgrapp": 1, "marketing_opt_in": false, "groups": [], "user_permissions": []}}, {"model": "badgeuser.badgeuser", "pk": 47, "fields": {"password": "pbkdf2_sha256$36000$orvegOS4pQxF$m+FtTxpyCvwFhYPf64nLq/gtKNawpfT9FibuaJxRal0=", "last_login": null, "is_superuser": false, "username": "badgr/0Ax+4S2am6fbLy+lNdUkw==", "first_name": "Laurie", "last_name": "James", "email": "mcbridelaura@hotmail.com", "is_staff": false, "is_active": true, "date_joined": "2020-05-17T15:39:55.615Z", "entity_version": 2, "entity_id": "vqmEWbjrRDiCksC3GLDv6w", "badgrapp": 1, "marketing_opt_in": false, "groups": [], "user_permissions": []}}, {"model": "badgeuser.badgeuser", "pk": 48, "fields": {"password": "pbkdf2_sha256$36000$yS3fiB3Aq3Ju$ES5f9pScLDGuERkr0AN+aWqQBzYre/IMrH+UN6Si94I=", "last_login": null, "is_superuser": false, "username": "badgr0mQ6D2cwcuwDrAt2xM1YFQ==", "first_name": "Amanda", "last_name": "Cruz", "email": "steven76@gmail.com", "is_staff": false, "is_active": true, "date_joined": "2020-05-17T15:39:57.109Z", "entity_version": 2, "entity_id": "tLkV3vNBR4SltgNE1kc3Mg", "badgrapp": 1, "marketing_opt_in": false, "groups": [], "user_permissions": []}}, {"model": "badgeuser.badgeuser", "pk": 49, "fields": {"password": "pbkdf2_sha256$36000$cqTHtPNWqEcz$n5CkVYii2ePEAYewGuATLntQHzltHNFxPqDjRMmW5vg=", "last_login": null, "is_superuser": false, "username": "badgrjWM2y1Ek9bcLC9/0E6f6bA==", "first_name": "Lisa", "last_name": "Murphy", "email": "walkersarah@hill.com", "is_staff": false, "is_active": true, "date_joined": "2020-05-17T15:40:03.351Z", "entity_version": 2, "entity_id": "4m_NlSqBSV-KvBMv8YquDA", "badgrapp": 1, "marketing_opt_in": false, "groups": [], "user_permissions": []}}, {"model": "badgeuser.badgeuser", "pk": 50, "fields": {"password": "pbkdf2_sha256$36000$CQnOKRRuRjBh$BV7rnbTQOKOO5lZXgVOlrsfhlYJvQOMGt9Vcix4QjHA=", "last_login": null, "is_superuser": false, "username": "badgrOOub3Ecr2LXz7wm2r9sVNQ==", "first_name": "Tina", "last_name": "Love", "email": "qjohnson@donovan.net", "is_staff": false, "is_active": true, "date_joined": "2020-05-17T15:40:12.853Z", "entity_version": 2, "entity_id": "-e13cA_qQSacIzr4Y1CDrw", "badgrapp": 1, "marketing_opt_in": false, "groups": [], "user_permissions": []}}, {"model": "badgeuser.badgeuser", "pk": 51, "fields": {"password": "pbkdf2_sha256$36000$KVF4tG6sUy59$EaWrxrIgtXLlHEiMgNZvCYlDbhClLr3nzHjOhn7YqUk=", "last_login": null, "is_superuser": false, "username": "badgreb2xNnnb9f/JMQx55/mcfg==", "first_name": "Joseph", "last_name": "Williams", "email": "georgetammy@hotmail.com", "is_staff": false, "is_active": true, "date_joined": "2020-05-17T15:40:14.215Z", "entity_version": 2, "entity_id": "3CygkuhfQbKW29b2zWJaSQ", "badgrapp": 1, "marketing_opt_in": false, "groups": [], "user_permissions": []}}, {"model": "badgeuser.badgeuser", "pk": 52, "fields": {"password": "pbkdf2_sha256$36000$CsYUZQsOIS1X$T/FnVCJn/Yk9+iBUlsbebPQbG5amSWCqexsPW+scJik=", "last_login": null, "is_superuser": false, "username": "badgrwajqedkTtgBm3HMZEWhvQQ==", "first_name": "Steven", "last_name": "Brown", "email": "johncastaneda@hotmail.com", "is_staff": false, "is_active": true, "date_joined": "2020-05-17T15:40:15.598Z", "entity_version": 2, "entity_id": "gvs-yaadT-mOyYezjCPG4g", "badgrapp": 1, "marketing_opt_in": false, "groups": [], "user_permissions": []}}, {"model": "badgeuser.badgeuser", "pk": 53, "fields": {"password": "pbkdf2_sha256$36000$LYCa3PSD2Sjf$OC9I5Cbjm/Eg2+jF1NcLMAqhf9WuaUTaQtPPIvFw71I=", "last_login": null, "is_superuser": false, "username": "badgr5MU8r7+x7REBJeljzPFx4Q==", "first_name": "Matthew", "last_name": "Cox", "email": "christina71@gmail.com", "is_staff": false, "is_active": true, "date_joined": "2020-05-17T15:40:29.484Z", "entity_version": 2, "entity_id": "KxtP38RXRm-KRPk82TmMFQ", "badgrapp": 1, "marketing_opt_in": false, "groups": [], "user_permissions": []}}, {"model": "badgeuser.badgeuser", "pk": 54, "fields": {"password": "pbkdf2_sha256$36000$OJg8HcmXd6W6$+bBa9G8I1rFhAPzOsufCQPgYj6hHjv42HFbrrJ16N28=", "last_login": null, "is_superuser": false, "username": "badgrE0ueqwvSjhw9tVR+rwahPg==", "first_name": "Carlo", "last_name": "Caprini", "email": "jfk3@ex.president.gov", "is_staff": false, "is_active": true, "date_joined": "2020-06-07T12:08:54.710Z", "entity_version": 2, "entity_id": "ZUqaqgh_QQGGYn39LfDl6Q", "badgrapp": 1, "marketing_opt_in": false, "groups": [], "user_permissions": []}}, {"model": "badgeuser.badgeuser", "pk": 55, "fields": {"password": "pbkdf2_sha256$36000$CR9jIK2EyoqD$90D37C+43muxVoV7GxTwuQvq/xVLO2P4H3yTw6xiUSM=", "last_login": null, "is_superuser": false, "username": "badgrvZ3f/ftde/NPtC9gOA7ymA==", "first_name": "Jerry", "last_name": "Williams", "email": "stevenfleming@yahoo.com", "is_staff": false, "is_active": true, "date_joined": "2020-06-07T12:10:27.325Z", "entity_version": 2, "entity_id": "E53_7-JRR_SnZaXvVXumVQ", "badgrapp": 1, "marketing_opt_in": false, "groups": [], "user_permissions": []}}, {"model": "badgeuser.badgeuser", "pk": 56, "fields": {"password": "pbkdf2_sha256$36000$riaY45TGYKUL$TzyeIJso3ussQ+4X1EK8E7t1X7AWJqUeSkipOvCgsbw=", "last_login": null, "is_superuser": false, "username": "badgrhNtpnwmr1zrfW/tV9O6P/g==", "first_name": "Daniel", "last_name": "Ben Zaken", "email": "benzaked@post.bgu.ac.il", "is_staff": false, "is_active": true, "date_joined": "2020-07-12T08:12:27.108Z", "entity_version": 2, "entity_id": "Bv2YV8ZaT4iHDv4rmFehtA", "badgrapp": 1, "marketing_opt_in": false, "groups": [], "user_permissions": []}}, {"model": "account.emailaddress", "pk": 2, "fields": {"user": 5, "email": "wenet.badges@gmail.com", "verified": true, "primary": false}}, {"model": "account.emailaddress", "pk": 10, "fields": {"user": 18, "email": "olivia92@gmail.com", "verified": false, "primary": false}}, {"model": "account.emailaddress", "pk": 11, "fields": {"user": 19, "email": "allenandrea@gmail.com", "verified": false, "primary": false}}, {"model": "account.emailaddress", "pk": 12, "fields": {"user": 20, "email": "nicholasmontes@ross.com", "verified": false, "primary": false}}, {"model": "account.emailaddress", "pk": 13, "fields": {"user": 21, "email": "watsonmichael@aguilar.com", "verified": false, "primary": false}}, {"model": "account.emailaddress", "pk": 14, "fields": {"user": 22, "email": "kristin25@yahoo.com", "verified": false, "primary": false}}, {"model": "account.emailaddress", "pk": 15, "fields": {"user": 23, "email": "sanchezjoseph@floyd-williams.info", "verified": false, "primary": false}}, {"model": "account.emailaddress", "pk": 16, "fields": {"user": 24, "email": "hfleming@williams-santos.biz", "verified": false, "primary": false}}, {"model": "account.emailaddress", "pk": 17, "fields": {"user": 25, "email": "ahiggins@gmail.com", "verified": false, "primary": false}}, {"model": "account.emailaddress", "pk": 18, "fields": {"user": 26, "email": "ashley30@yahoo.com", "verified": false, "primary": false}}, {"model": "account.emailaddress", "pk": 19, "fields": {"user": 27, "email": "talvarado@alexander-coleman.com", "verified": false, "primary": false}}, {"model": "account.emailaddress", "pk": 20, "fields": {"user": 28, "email": "sue33@yahoo.com", "verified": false, "primary": false}}, {"model": "account.emailaddress", "pk": 21, "fields": {"user": 29, "email": "brett67@yahoo.com", "verified": false, "primary": false}}, {"model": "account.emailaddress", "pk": 22, "fields": {"user": 30, "email": "huffmangarrett@coleman.com", "verified": false, "primary": false}}, {"model": "account.emailaddress", "pk": 23, "fields": {"user": 31, "email": "millerpenny@soto.biz", "verified": false, "primary": false}}, {"model": "account.emailaddress", "pk": 24, "fields": {"user": 32, "email": "eshepard@boyd-tanner.com", "verified": false, "primary": false}}, {"model": "account.emailaddress", "pk": 25, "fields": {"user": 33, "email": "tiffanyjohnson@gmail.com", "verified": false, "primary": false}}, {"model": "account.emailaddress", "pk": 26, "fields": {"user": 34, "email": "jennifergilbert@pacheco-wright.biz", "verified": false, "primary": false}}, {"model": "account.emailaddress", "pk": 27, "fields": {"user": 35, "email": "eringarcia@gmail.com", "verified": false, "primary": false}}, {"model": "account.emailaddress", "pk": 28, "fields": {"user": 36, "email": "fernandezgabriel@hotmail.com", "verified": false, "primary": false}}, {"model": "account.emailaddress", "pk": 29, "fields": {"user": 37, "email": "amy05@thompson-king.biz", "verified": false, "primary": false}}, {"model": "account.emailaddress", "pk": 30, "fields": {"user": 38, "email": "ajackson@gmail.com", "verified": false, "primary": false}}, {"model": "account.emailaddress", "pk": 31, "fields": {"user": 39, "email": "howardnicole@rojas.com", "verified": false, "primary": false}}, {"model": "account.emailaddress", "pk": 32, "fields": {"user": 40, "email": "tylersolis@hotmail.com", "verified": false, "primary": false}}, {"model": "account.emailaddress", "pk": 33, "fields": {"user": 41, "email": "ravenbentley@yahoo.com", "verified": false, "primary": false}}, {"model": "account.emailaddress", "pk": 34, "fields": {"user": 42, "email": "anne32@yahoo.com", "verified": false, "primary": false}}, {"model": "account.emailaddress", "pk": 35, "fields": {"user": 43, "email": "charleswood@yahoo.com", "verified": false, "primary": false}}, {"model": "account.emailaddress", "pk": 36, "fields": {"user": 44, "email": "ahunter@cook.biz", "verified": false, "primary": false}}, {"model": "account.emailaddress", "pk": 37, "fields": {"user": 45, "email": "bmartinez@hotmail.com", "verified": false, "primary": false}}, {"model": "account.emailaddress", "pk": 38, "fields": {"user": 46, "email": "edwardsvicki@kirk.com", "verified": false, "primary": false}}, {"model": "account.emailaddress", "pk": 39, "fields": {"user": 47, "email": "mcbridelaura@hotmail.com", "verified": false, "primary": false}}, {"model": "account.emailaddress", "pk": 40, "fields": {"user": 48, "email": "steven76@gmail.com", "verified": false, "primary": false}}, {"model": "account.emailaddress", "pk": 41, "fields": {"user": 49, "email": "walkersarah@hill.com", "verified": false, "primary": false}}, {"model": "account.emailaddress", "pk": 42, "fields": {"user": 50, "email": "qjohnson@donovan.net", "verified": false, "primary": false}}, {"model": "account.emailaddress", "pk": 43, "fields": {"user": 51, "email": "georgetammy@hotmail.com", "verified": false, "primary": false}}, {"model": "account.emailaddress", "pk": 44, "fields": {"user": 52, "email": "johncastaneda@hotmail.com", "verified": false, "primary": false}}, {"model": "account.emailaddress", "pk": 45, "fields": {"user": 53, "email": "christina71@gmail.com", "verified": false, "primary": false}}, {"model": "account.emailaddress", "pk": 46, "fields": {"user": 54, "email": "jfk3@ex.president.gov", "verified": false, "primary": false}}, {"model": "account.emailaddress", "pk": 47, "fields": {"user": 55, "email": "stevenfleming@yahoo.com", "verified": false, "primary": false}}, {"model": "account.emailaddress", "pk": 48, "fields": {"user": 56, "email": "benzaked@post.bgu.ac.il", "verified": false, "primary": false}}, {"model": "authtoken.token", "pk": "0719395356b6c8efa5d88168a2ad9dad05321c70", "fields": {"user": 31, "created": "2020-05-17T10:19:43.743Z"}}, {"model": "authtoken.token", "pk": "0c7455e3084946be4801cb76eb3606e533d8816a", "fields": {"user": 41, "created": "2020-05-17T10:21:56.322Z"}}, {"model": "authtoken.token", "pk": "0ef37df6cab9fa363921eedae5d48a8ffb4d787e", "fields": {"user": 29, "created": "2020-05-17T10:19:40.969Z"}}, {"model": "authtoken.token", "pk": "122a39f76c955b5f1882dd5b7e3cb816cd3bf877", "fields": {"user": 24, "created": "2020-05-17T09:40:52.697Z"}}, {"model": "authtoken.token", "pk": "14b3041dbe3433e50f44ebaf094d81384b58fdd7", "fields": {"user": 19, "created": "2020-05-11T07:52:52.382Z"}}, {"model": "authtoken.token", "pk": "1567a4a11897c14d8d4286417843e04a5c420ec7", "fields": {"user": 45, "created": "2020-05-17T15:39:52.938Z"}}, {"model": "authtoken.token", "pk": "225b787e160381351f8c3c7bcd1bd50e8aa29fd9", "fields": {"user": 20, "created": "2020-05-17T09:40:40.362Z"}}, {"model": "authtoken.token", "pk": "2368289c19aa53cbec34aec714ece4f882a10a80", "fields": {"user": 48, "created": "2020-05-17T15:39:57.151Z"}}, {"model": "authtoken.token", "pk": "36845b4c1b4d92ce21b37ed21899dcbf8957b2ae", "fields": {"user": 32, "created": "2020-05-17T10:19:51.835Z"}}, {"model": "authtoken.token", "pk": "376b2afc4a48c30663188bd1b19d7862e17a60da", "fields": {"user": 51, "created": "2020-05-17T15:40:14.253Z"}}, {"model": "authtoken.token", "pk": "379e2625cb642327d62f1cf9bbc6cc53c9a421a8", "fields": {"user": 5, "created": "2020-01-20T09:15:44.737Z"}}, {"model": "authtoken.token", "pk": "3d4647fa12f00853e73f0fee9c95f63664acad24", "fields": {"user": 39, "created": "2020-05-17T10:21:43.048Z"}}, {"model": "authtoken.token", "pk": "458339aa44e8158409beb194349807d2fe307f3f", "fields": {"user": 37, "created": "2020-05-17T10:21:36.801Z"}}, {"model": "authtoken.token", "pk": "45f3d85aa7735f2d88c41f448c06c1b34effe3e4", "fields": {"user": 43, "created": "2020-05-17T12:18:51.228Z"}}, {"model": "authtoken.token", "pk": "4f3b1e294adbb680729b7a76fd1c83f0d5d6decb", "fields": {"user": 27, "created": "2020-05-17T10:19:28.304Z"}}, {"model": "authtoken.token", "pk": "5555aa1b9229e3ecc21c984dc743bb3fdf8d28f8", "fields": {"user": 30, "created": "2020-05-17T10:19:42.312Z"}}, {"model": "authtoken.token", "pk": "5f507c156e9b2b7d7cf4068145b18fa41ca7ff37", "fields": {"user": 22, "created": "2020-05-17T09:40:49.972Z"}}, {"model": "authtoken.token", "pk": "6943da6ab2e5407e01af19968690b3d2af17b3f5", "fields": {"user": 25, "created": "2020-05-17T09:41:43.410Z"}}, {"model": "authtoken.token", "pk": "6a637eda74f607d487efba1624a9ac3e2cd9c4fc", "fields": {"user": 53, "created": "2020-05-17T15:40:29.521Z"}}, {"model": "authtoken.token", "pk": "6fd90ec06cdd26b1661f8d5b6c5c82da887380ce", "fields": {"user": 50, "created": "2020-05-17T15:40:12.890Z"}}, {"model": "authtoken.token", "pk": "745bc4d352db832c765d44c423ea38755e0ac733", "fields": {"user": 26, "created": "2020-05-17T10:18:35.571Z"}}, {"model": "authtoken.token", "pk": "752db19e0f10933a0c8293cee51d3949c12c63ba", "fields": {"user": 54, "created": "2020-06-07T12:08:54.756Z"}}, {"model": "authtoken.token", "pk": "7b580f8c69b63736442f4de1dab26974d3bdc29a", "fields": {"user": 28, "created": "2020-05-17T10:19:39.656Z"}}, {"model": "authtoken.token", "pk": "812c536416baa0c828cde8fb0c406f17acff2955", "fields": {"user": 35, "created": "2020-05-17T10:21:34.135Z"}}, {"model": "authtoken.token", "pk": "81ef70242ac5fad5036efe34c43dca0228d1976d", "fields": {"user": 42, "created": "2020-05-17T10:21:59.327Z"}}, {"model": "authtoken.token", "pk": "84a268f4ba2108a2124e612f9dcd32fd48aeaa36", "fields": {"user": 46, "created": "2020-05-17T15:39:54.324Z"}}, {"model": "authtoken.token", "pk": "84b4eedf2caeff4fab6421db9b42cd63e63a8255", "fields": {"user": 55, "created": "2020-06-07T12:10:27.368Z"}}, {"model": "authtoken.token", "pk": "992340c45ba0927b51748726ecf1baec76fc1474", "fields": {"user": 7, "created": "2020-05-10T10:22:28.606Z"}}, {"model": "authtoken.token", "pk": "9933627f5e83f017707435080f0c4dc4ab1cf63b", "fields": {"user": 18, "created": "2020-05-10T13:12:40.505Z"}}, {"model": "authtoken.token", "pk": "99a2fb9bc798b6f070cd7188a1bafa48c5ad73c8", "fields": {"user": 36, "created": "2020-05-17T10:21:35.480Z"}}, {"model": "authtoken.token", "pk": "a5818d97ef3a1828cab305c174a5a4460457e31c", "fields": {"user": 3, "created": "2019-08-10T13:29:43.257Z"}}, {"model": "authtoken.token", "pk": "aed89b265acb405b9f40805a4aa79c69adf7ff77", "fields": {"user": 56, "created": "2020-07-12T08:12:27.172Z"}}, {"model": "authtoken.token", "pk": "b4e3a1a6d1b60e85d5686cd13c2e7b1440d230b6", "fields": {"user": 40, "created": "2020-05-17T10:21:44.579Z"}}, {"model": "authtoken.token", "pk": "b54f3079a2cec49b7b2b349def09a1cdde16646a", "fields": {"user": 49, "created": "2020-05-17T15:40:03.389Z"}}, {"model": "authtoken.token", "pk": "bc9d6d5c4a5ad24683216746d3f2a9f15889ac6e", "fields": {"user": 1, "created": "2019-08-10T12:44:14.327Z"}}, {"model": "authtoken.token", "pk": "d59003646ae5f79500a69e5d89793189957dc97d", "fields": {"user": 21, "created": "2020-05-17T09:40:44.758Z"}}, {"model": "authtoken.token", "pk": "d59685558c02d93a2e205a830f0bca83fdc38fa4", "fields": {"user": 52, "created": "2020-05-17T15:40:15.645Z"}}, {"model": "authtoken.token", "pk": "d5d784fb909fb4ac90fba3e0bac48a49a7b0d81c", "fields": {"user": 33, "created": "2020-05-17T10:19:53.139Z"}}, {"model": "authtoken.token", "pk": "de68076c87627b9a6b193ceee5883bbb28801a0a", "fields": {"user": 38, "created": "2020-05-17T10:21:38.146Z"}}, {"model": "authtoken.token", "pk": "e53f189538a00c94ce59145ca51b928167f1b2e3", "fields": {"user": 44, "created": "2020-05-17T12:33:44.534Z"}}, {"model": "authtoken.token", "pk": "e6ab5a2496169bdfe842da6aabbbc4479c10c84c", "fields": {"user": 34, "created": "2020-05-17T10:20:25.641Z"}}, {"model": "authtoken.token", "pk": "f7874aad51d8cd4aa0dacea6b6366e5b8c08fb86", "fields": {"user": 47, "created": "2020-05-17T15:39:55.660Z"}}, {"model": "authtoken.token", "pk": "f7c4e3912acc43a557b0be1dae2fbfe1b5e43f97", "fields": {"user": 23, "created": "2020-05-17T09:40:51.360Z"}}, {"model": "oauth2_provider.application", "pk": 1, "fields": {"client_id": "public", "user": null, "redirect_uris": "http://needToedit:4000", "client_type": "public", "authorization_grant_type": "password", "client_secret": "YZN87jjujRHqSaCHuYfAWjerZHZws7pOTrwt5UwHE6oZSVGAKAE9LE3sibtmzFR4leGc7QKEv0ggemlwYYVIJftQXizYz30BZPfMFN1QYzQOfyZsFnaZwiliGxNLnYQc", "name": "dev", "skip_authorization": false, "created": "2019-08-11T11:34:27.731Z", "updated": "2019-08-11T11:34:27.731Z"}}, {"model": "issuer.issuer", "pk": 1, "fields": {"entity_version": 2, "entity_id": "mT7hgXVkQMShRxRWIusVSg", "created_at": "2019-09-19T11:45:16.577Z", "created_by": null, "updated_at": "2019-09-19T11:45:16.577Z", "updated_by": null, "original_json": null, "source": "local", "source_url": null, "slug": null, "badgrapp": null, "name": "daniel", "image": "", "description": "", "url": null, "email": "benzaked@post.bgu.ac.il", "old_json": "\"\""}}, {"model": "issuer.issuer", "pk": 2, "fields": {"entity_version": 2, "entity_id": "TAgRa3NxT0yme-iYBrtyeQ", "created_at": "2020-01-20T10:29:52.399Z", "created_by": 5, "updated_at": "2020-01-20T10:29:52.399Z", "updated_by": null, "original_json": null, "source": "local", "source_url": null, "slug": null, "badgrapp": null, "name": "New Postman Issuer 4", "image": "", "description": "Here's an issuer I'm creating from Postman", "url": "http://example.com", "email": "wenet.badges@gmail.com", "old_json": "\"\""}}, {"model": "issuer.issuer", "pk": 3, "fields": {"entity_version": 2, "entity_id": "JDCwh9U1TMSfQ3Xo97u5YQ", "created_at": "2020-01-20T11:45:24.117Z", "created_by": 5, "updated_at": "2020-01-20T11:45:24.117Z", "updated_by": null, "original_json": null, "source": "local", "source_url": null, "slug": null, "badgrapp": null, "name": "New Postman Issuer 4", "image": "", "description": "Here's an issuer I'm creating from Postman", "url": "http://example.com", "email": "wenet.badges@gmail.com", "old_json": "\"\""}}, {"model": "issuer.issuer", "pk": 4, "fields": {"entity_version": 2, "entity_id": "t1rbkFkhSL6fQ653K6CHUQ", "created_at": "2020-01-20T11:59:44.217Z", "created_by": 5, "updated_at": "2020-01-20T11:59:44.217Z", "updated_by": null, "original_json": null, "source": "local", "source_url": null, "slug": null, "badgrapp": null, "name": "New Postman Issuer 4", "image": "", "description": "Here's an issuer I'm creating from Postman", "url": "http://example.com", "email": "wenet.badges@gmail.com", "old_json": "\"\""}}, {"model": "issuer.issuer", "pk": 5, "fields": {"entity_version": 2, "entity_id": "Ck2iY_S0T9qFmoyK_yqhww", "created_at": "2020-01-21T11:19:37.197Z", "created_by": 5, "updated_at": "2020-01-21T11:19:37.197Z", "updated_by": null, "original_json": null, "source": "local", "source_url": null, "slug": null, "badgrapp": null, "name": "New Postman Issuer 4", "image": "", "description": "Here's an issuer I'm creating from Postman", "url": "http://example.com", "email": "wenet.badges@gmail.com", "old_json": "\"\""}}, {"model": "issuer.issuer", "pk": 6, "fields": {"entity_version": 2, "entity_id": "ZFuWdHO8RlGs7BfqMgbeOQ", "created_at": "2020-01-21T11:19:55.302Z", "created_by": 5, "updated_at": "2020-01-21T11:19:55.302Z", "updated_by": null, "original_json": null, "source": "local", "source_url": null, "slug": null, "badgrapp": null, "name": "New Postman Issuer 4", "image": "", "description": "Here's an issuer I'm creating from Postman", "url": "http://example.com", "email": "wenet.badges@gmail.com", "old_json": "\"\""}}, {"model": "issuer.issuer", "pk": 7, "fields": {"entity_version": 2, "entity_id": "6hY7JHN5QLm7_agw3ISkbA", "created_at": "2020-02-26T12:29:51.652Z", "created_by": 5, "updated_at": "2020-02-26T12:29:51.652Z", "updated_by": null, "original_json": null, "source": "local", "source_url": null, "slug": null, "badgrapp": null, "name": "New Postman Issuer 4", "image": "", "description": "Here's an issuer I'm creating from Postman", "url": "http://example.com", "email": "wenet.badges@gmail.com", "old_json": "\"\""}}, {"model": "issuer.issuer", "pk": 8, "fields": {"entity_version": 2, "entity_id": "EJDVz6oETVuFZ3P5hK58Gg", "created_at": "2020-03-04T11:49:47.084Z", "created_by": 5, "updated_at": "2020-03-04T11:49:47.084Z", "updated_by": null, "original_json": null, "source": "local", "source_url": null, "slug": null, "badgrapp": null, "name": "New Postman Issuer 4", "image": "", "description": "Here's an issuer I'm creating from Postman", "url": "http://example.com", "email": "wenet.badges@gmail.com", "old_json": "\"\""}}, {"model": "issuer.issuer", "pk": 9, "fields": {"entity_version": 2, "entity_id": "aVUNWFryTgqbraEgCF_FmA", "created_at": "2020-03-04T11:49:59.303Z", "created_by": 5, "updated_at": "2020-03-04T11:49:59.303Z", "updated_by": null, "original_json": null, "source": "local", "source_url": null, "slug": null, "badgrapp": null, "name": "New Postman Issuer 4", "image": "", "description": "Here's an issuer I'm creating from Postman", "url": "http://example.com", "email": "wenet.badges@gmail.com", "old_json": "\"\""}}, {"model": "issuer.issuer", "pk": 10, "fields": {"entity_version": 2, "entity_id": "pf55ndSXRRuiVoDFaF1L4Q", "created_at": "2020-05-10T09:43:07.013Z", "created_by": 5, "updated_at": "2020-05-10T09:43:07.013Z", "updated_by": null, "original_json": null, "source": "local", "source_url": null, "slug": null, "badgrapp": null, "name": "New Postman Issuer 4", "image": "", "description": "Here's an issuer I'm creating from Postman", "url": "http://example.com", "email": "wenet.badges@gmail.com", "old_json": "\"\""}}, {"model": "issuer.issuer", "pk": 11, "fields": {"entity_version": 2, "entity_id": "LroK9C_XS7-Wb4Bp06H4hQ", "created_at": "2020-05-10T09:43:33.425Z", "created_by": 5, "updated_at": "2020-05-10T09:43:33.425Z", "updated_by": null, "original_json": null, "source": "local", "source_url": null, "slug": null, "badgrapp": null, "name": "New Postman Issuer 4", "image": "", "description": "Here's an issuer I'm creating from Postman", "url": "http://example.com", "email": "wenet.badges@gmail.com", "old_json": "\"\""}}, {"model": "issuer.issuer", "pk": 12, "fields": {"entity_version": 2, "entity_id": "Ukzn0YQ3RsCLfnaas-UnzA", "created_at": "2020-05-10T09:43:52.434Z", "created_by": 5, "updated_at": "2020-05-10T09:43:52.434Z", "updated_by": null, "original_json": null, "source": "local", "source_url": null, "slug": null, "badgrapp": null, "name": "New Postman Issuer 4", "image": "", "description": "Here's an issuer I'm creating from Postman", "url": "http://example.com", "email": "wenet.badges@gmail.com", "old_json": "\"\""}}, {"model": "issuer.issuer", "pk": 13, "fields": {"entity_version": 2, "entity_id": "U5bZZyZNQUa39O71It7mRw", "created_at": "2020-05-10T09:52:38.886Z", "created_by": 5, "updated_at": "2020-05-10T09:52:38.886Z", "updated_by": null, "original_json": null, "source": "local", "source_url": null, "slug": null, "badgrapp": null, "name": "New Postman Issuer 4", "image": "", "description": "Here's an issuer I'm creating from Postman", "url": "http://example.com", "email": "wenet.badges@gmail.com", "old_json": "\"\""}}, {"model": "issuer.issuer", "pk": 14, "fields": {"entity_version": 2, "entity_id": "JjyhWgcSRIOq_nbZtWMWnA", "created_at": "2020-05-10T10:12:26.016Z", "created_by": 5, "updated_at": "2020-05-10T10:12:26.016Z", "updated_by": null, "original_json": null, "source": "local", "source_url": null, "slug": null, "badgrapp": null, "name": "New Postman Issuer 4", "image": "", "description": "Here's an issuer I'm creating from Postman", "url": "http://example.com", "email": "wenet.badges@gmail.com", "old_json": "\"\""}}, {"model": "issuer.issuer", "pk": 15, "fields": {"entity_version": 2, "entity_id": "wD-o_2ICR1KRwAfoc_GFMw", "created_at": "2020-05-15T09:15:11.817Z", "created_by": 5, "updated_at": "2020-05-15T09:15:11.817Z", "updated_by": null, "original_json": null, "source": "local", "source_url": null, "slug": null, "badgrapp": null, "name": "New Postman Issuer 4", "image": "", "description": "Here's an issuer I'm creating from Postman", "url": "http://example.com", "email": "wenet.badges@gmail.com", "old_json": "\"\""}}, {"model": "issuer.issuer", "pk": 16, "fields": {"entity_version": 2, "entity_id": "-meWmQ1IQ1i2iDGDUSSYWg", "created_at": "2020-05-21T11:00:25.674Z", "created_by": 5, "updated_at": "2020-05-21T11:00:25.674Z", "updated_by": null, "original_json": null, "source": "local", "source_url": null, "slug": null, "badgrapp": null, "name": "New Postman Issuer 4", "image": "", "description": "Here's an issuer I'm creating from Postman", "url": "http://example.com", "email": "wenet.badges@gmail.com", "old_json": "\"\""}}, {"model": "issuer.issuer", "pk": 17, "fields": {"entity_version": 2, "entity_id": "co-iBhbrTpKeBHhF-RAcDg", "created_at": "2020-05-25T12:43:25.751Z", "created_by": 5, "updated_at": "2020-05-25T12:43:25.751Z", "updated_by": null, "original_json": null, "source": "local", "source_url": null, "slug": null, "badgrapp": null, "name": "New Postman Issuer 4", "image": "", "description": "Here's an issuer I'm creating from Postman", "url": "http://example.com", "email": "wenet.badges@gmail.com", "old_json": "\"\""}}, {"model": "issuer.issuer", "pk": 18, "fields": {"entity_version": 2, "entity_id": "zAwt1nSbQHWi0Q6QYwVX7A", "created_at": "2020-06-01T13:03:54.253Z", "created_by": 5, "updated_at": "2020-06-01T13:03:54.253Z", "updated_by": null, "original_json": null, "source": "local", "source_url": null, "slug": null, "badgrapp": null, "name": "New Postman Issuer 4", "image": "", "description": "Here's an issuer I'm creating from Postman", "url": "http://example.com", "email": "wenet.badges@gmail.com", "old_json": "\"\""}}, {"model": "issuer.issuer", "pk": 19, "fields": {"entity_version": 2, "entity_id": "GWy45hKKSLCyKVwMobjwgg", "created_at": "2020-10-09T15:37:35.987Z", "created_by": 5, "updated_at": "2020-10-09T15:37:35.987Z", "updated_by": null, "original_json": null, "source": "local", "source_url": null, "slug": null, "badgrapp": null, "name": "WeNet", "image": "", "description": "Here's an issuer_test123", "url": "http://example.com", "email": "wenet.badges@gmail.com", "old_json": "\"\""}}, {"model": "issuer.issuer", "pk": 20, "fields": {"entity_version": 2, "entity_id": "SB629RBETB6eO0LVzub9vw", "created_at": "2020-10-30T09:06:44.305Z", "created_by": 5, "updated_at": "2020-10-30T09:06:44.305Z", "updated_by": null, "original_json": null, "source": "local", "source_url": null, "slug": null, "badgrapp": null, "name": "WeNet", "image": "", "description": "Here's an issuer_test123", "url": "http://example.com", "email": "wenet.badges@gmail.com", "old_json": "\"\""}}, {"model": "issuer.issuer", "pk": 21, "fields": {"entity_version": 2, "entity_id": "rpceN35SS-SPyoXdEcEWvQ", "created_at": "2020-11-04T13:49:26.596Z", "created_by": 5, "updated_at": "2020-11-04T13:49:26.596Z", "updated_by": null, "original_json": null, "source": "local", "source_url": null, "slug": null, "badgrapp": null, "name": "WeNet", "image": "", "description": "Here's an issuer_test123", "url": "http://example.com", "email": "wenet.badges@gmail.com", "old_json": "\"\""}}, {"model": "issuer.issuerstaff", "pk": 1, "fields": {"issuer": 2, "user": 5, "role": "owner"}}, {"model": "issuer.issuerstaff", "pk": 2, "fields": {"issuer": 3, "user": 5, "role": "owner"}}, {"model": "issuer.issuerstaff", "pk": 3, "fields": {"issuer": 4, "user": 5, "role": "owner"}}, {"model": "issuer.issuerstaff", "pk": 4, "fields": {"issuer": 5, "user": 5, "role": "owner"}}, {"model": "issuer.issuerstaff", "pk": 5, "fields": {"issuer": 6, "user": 5, "role": "owner"}}, {"model": "issuer.issuerstaff", "pk": 6, "fields": {"issuer": 7, "user": 5, "role": "owner"}}, {"model": "issuer.issuerstaff", "pk": 7, "fields": {"issuer": 8, "user": 5, "role": "owner"}}, {"model": "issuer.issuerstaff", "pk": 8, "fields": {"issuer": 9, "user": 5, "role": "owner"}}, {"model": "issuer.issuerstaff", "pk": 9, "fields": {"issuer": 10, "user": 5, "role": "owner"}}, {"model": "issuer.issuerstaff", "pk": 10, "fields": {"issuer": 11, "user": 5, "role": "owner"}}, {"model": "issuer.issuerstaff", "pk": 11, "fields": {"issuer": 12, "user": 5, "role": "owner"}}, {"model": "issuer.issuerstaff", "pk": 12, "fields": {"issuer": 13, "user": 5, "role": "owner"}}, {"model": "issuer.issuerstaff", "pk": 13, "fields": {"issuer": 14, "user": 5, "role": "owner"}}, {"model": "issuer.issuerstaff", "pk": 14, "fields": {"issuer": 15, "user": 5, "role": "owner"}}, {"model": "issuer.issuerstaff", "pk": 15, "fields": {"issuer": 16, "user": 5, "role": "owner"}}, {"model": "issuer.issuerstaff", "pk": 16, "fields": {"issuer": 17, "user": 5, "role": "owner"}}, {"model": "issuer.issuerstaff", "pk": 17, "fields": {"issuer": 18, "user": 5, "role": "owner"}}, {"model": "issuer.issuerstaff", "pk": 18, "fields": {"issuer": 19, "user": 5, "role": "owner"}}, {"model": "issuer.issuerstaff", "pk": 19, "fields": {"issuer": 20, "user": 5, "role": "owner"}}, {"model": "issuer.issuerstaff", "pk": 20, "fields": {"issuer": 21, "user": 5, "role": "owner"}}, {"model": "issuer.badgeclass", "pk": 36, "fields": {"entity_version": 15, "entity_id": "dKBzDAIXSKeCUfmOaRsjmA", "created_at": "2020-12-23T09:47:40.924Z", "created_by": null, "updated_at": "2021-01-25T10:28:19.811Z", "updated_by": null, "original_json": null, "source": "local", "source_url": null, "issuer": 1, "slug": null, "name": "First question", "image": "uploads/badges/first_question.png", "description": "You broke the ice, and asked your first question!", "criteria_url": null, "criteria_text": "After first question asked", "expires_amount": null, "expires_duration": null, "old_json": "\"\""}}, {"model": "issuer.badgeclass", "pk": 37, "fields": {"entity_version": 11, "entity_id": "BkegdiFVRi2xqLnvlM8A9A", "created_at": "2020-12-23T09:48:31.044Z", "created_by": null, "updated_at": "2021-01-25T10:47:41.314Z", "updated_by": null, "original_json": null, "source": "local", "source_url": null, "issuer": 1, "slug": null, "name": "Curious level 1", "image": "uploads/badges/curious_level_1.png", "description": "You asked 5 questions to the community!", "criteria_url": null, "criteria_text": "After 5 questions asked", "expires_amount": null, "expires_duration": null, "old_json": "\"\""}}, {"model": "issuer.badgeclass", "pk": 38, "fields": {"entity_version": 10, "entity_id": "whp4Ukz9S--sI1zmakznjg", "created_at": "2020-12-23T09:49:21.171Z", "created_by": null, "updated_at": "2021-01-25T10:48:07.504Z", "updated_by": null, "original_json": null, "source": "local", "source_url": null, "issuer": 1, "slug": null, "name": "Curious level 2", "image": "uploads/badges/curious_level_2.png", "description": "You asked more than 10 questions from the community, a truly curious mind", "criteria_url": null, "criteria_text": "After 10 questions asked", "expires_amount": null, "expires_duration": null, "old_json": "\"\""}}, {"model": "issuer.badgeclass", "pk": 39, "fields": {"entity_version": 9, "entity_id": "dCOeYJzLTc-AvnpWDWTaNg", "created_at": "2020-12-23T09:51:18.551Z", "created_by": null, "updated_at": "2021-01-25T10:48:29.093Z", "updated_by": null, "original_json": null, "source": "local", "source_url": null, "issuer": 1, "slug": null, "name": "First answer", "image": "uploads/badges/fisrt_answer.png", "description": "You took the courage and gave your first answer!", "criteria_url": null, "criteria_text": "After the first answer given", "expires_amount": null, "expires_duration": null, "old_json": "\"\""}}, {"model": "issuer.badgeclass", "pk": 40, "fields": {"entity_version": 10, "entity_id": "9dw_UfwPRxW3rBqXT3zT9A", "created_at": "2020-12-23T09:52:42.494Z", "created_by": null, "updated_at": "2021-01-25T10:50:20.154Z", "updated_by": null, "original_json": null, "source": "local", "source_url": null, "issuer": 1, "slug": null, "name": "Helper level 1", "image": "uploads/badges/helper_level_1.png", "description": "You answered 5 questions, sharing your knowledge!", "criteria_url": null, "criteria_text": "After 5 answers", "expires_amount": null, "expires_duration": null, "old_json": "\"\""}}, {"model": "issuer.badgeclass", "pk": 41, "fields": {"entity_version": 9, "entity_id": "QHqVe9QeRr-UJTU47D4Ssw", "created_at": "2020-12-23T09:53:26.986Z", "created_by": null, "updated_at": "2021-01-25T10:50:06.692Z", "updated_by": null, "original_json": null, "source": "local", "source_url": null, "issuer": 1, "slug": null, "name": "Helper level 2", "image": "uploads/badges/helper_level_2.png", "description": "You answered more than 10 questions, helping others with your knowledge!", "criteria_url": null, "criteria_text": "After 10 answers given", "expires_amount": null, "expires_duration": null, "old_json": "\"\""}}, {"model": "issuer.badgeclass", "pk": 42, "fields": {"entity_version": 12, "entity_id": "9G6pv1jGSPyDlOHopPA0Bw", "created_at": "2020-12-23T09:54:04.180Z", "created_by": null, "updated_at": "2021-01-25T10:50:58.827Z", "updated_by": null, "original_json": null, "source": "local", "source_url": null, "issuer": 1, "slug": null, "name": "First Good Answer", "image": "uploads/badges/first_good_answer.png", "description": "You had an answer accepted by someone!", "criteria_url": null, "criteria_text": "After first accepted answer", "expires_amount": null, "expires_duration": null, "old_json": "\"\""}}, {"model": "issuer.badgeclass", "pk": 43, "fields": {"entity_version": 9, "entity_id": "uV38wVc6QAacXQ94b-ogGQ", "created_at": "2020-12-23T09:55:17.585Z", "created_by": null, "updated_at": "2021-01-25T10:51:11.472Z", "updated_by": null, "original_json": null, "source": "local", "source_url": null, "issuer": 1, "slug": null, "name": "Good Answers level 1", "image": "uploads/badges/good_answer_level_1.png", "description": "More than three of your answers have been accepted!", "criteria_url": null, "criteria_text": "After 3 accepted answers", "expires_amount": null, "expires_duration": null, "old_json": "\"\""}}, {"model": "issuer.badgeclass", "pk": 44, "fields": {"entity_version": 11, "entity_id": "SfYh9RcSRy6YoOsV8cP8rQ", "created_at": "2020-12-23T09:55:58.527Z", "created_by": null, "updated_at": "2021-01-25T10:51:31Z", "updated_by": null, "original_json": null, "source": "local", "source_url": null, "issuer": 1, "slug": null, "name": "Good Answers level 2", "image": "uploads/badges/good_answer_level_2.png", "description": "More than 5 of your answers have been accepted!", "criteria_url": null, "criteria_text": "After 5 accepted answers", "expires_amount": null, "expires_duration": null, "old_json": "\"\""}}, {"model": "issuer.badgeinstance", "pk": 8, "fields": {"entity_version": 2, "entity_id": "HnRP288ZSjucfVXgHrvv2w", "created_at": "2021-01-25T13:05:10.105Z", "created_by": 5, "updated_at": "2021-01-25T13:05:10.105Z", "updated_by": null, "original_json": null, "source": "local", "source_url": null, "issued_on": "2021-01-25T13:05:10.093Z", "badgeclass": 36, "issuer": 1, "user": null, "recipient_identifier": "benzaked@post.bgu.ac.il", "recipient_type": "email", "image": "uploads/badges/assertion-HnRP288ZSjucfVXgHrvv2w.png", "slug": null, "revoked": false, "revocation_reason": null, "expires_at": null, "acceptance": "Unaccepted", "hashed": true, "salt": "5c2ab67e7f45495585892c5235a56abf", "narrative": null, "old_json": "\"\""}}, {"model": "issuer.badgeinstance", "pk": 9, "fields": {"entity_version": 2, "entity_id": "44iGvrhjRZuHaLqJsBaglg", "created_at": "2021-01-25T13:05:40.027Z", "created_by": 5, "updated_at": "2021-01-25T13:05:40.027Z", "updated_by": null, "original_json": null, "source": "local", "source_url": null, "issued_on": "2021-01-25T13:05:40.020Z", "badgeclass": 39, "issuer": 1, "user": null, "recipient_identifier": "nicolo.pomini@u-hopper.com", "recipient_type": "email", "image": "uploads/badges/assertion-44iGvrhjRZuHaLqJsBaglg.png", "slug": null, "revoked": false, "revocation_reason": null, "expires_at": null, "acceptance": "Unaccepted", "hashed": true, "salt": "e591b8b5c2884f609d715e074648c2ba", "narrative": null, "old_json": "\"\""}}, {"model": "issuer.badgeinstance", "pk": 10, "fields": {"entity_version": 2, "entity_id": "mHrRpRR0TGOn-_MsKhS7KQ", "created_at": "2021-01-25T13:43:02.216Z", "created_by": 5, "updated_at": "2021-01-25T13:43:02.216Z", "updated_by": null, "original_json": null, "source": "local", "source_url": null, "issued_on": "2021-01-25T13:43:02.211Z", "badgeclass": 39, "issuer": 1, "user": null, "recipient_identifier": "carlo.caprini@u-hopper.com", "recipient_type": "email", "image": "uploads/badges/assertion-mHrRpRR0TGOn-_MsKhS7KQ.png", "slug": null, "revoked": false, "revocation_reason": null, "expires_at": null, "acceptance": "Unaccepted", "hashed": true, "salt": "cc702c0f882347c19f27fa422d8e46e5", "narrative": null, "old_json": "\"\""}}, {"model": "issuer.badgeinstance", "pk": 11, "fields": {"entity_version": 2, "entity_id": "EjlR5TfIQNqA3lvSOV7AjQ", "created_at": "2021-01-25T14:53:36.759Z", "created_by": 5, "updated_at": "2021-01-25T14:53:36.759Z", "updated_by": null, "original_json": null, "source": "local", "source_url": null, "issued_on": "2021-01-25T14:53:36.752Z", "badgeclass": 36, "issuer": 1, "user": null, "recipient_identifier": "carlo.caprini@u-hopper.com", "recipient_type": "email", "image": "uploads/badges/assertion-EjlR5TfIQNqA3lvSOV7AjQ.png", "slug": null, "revoked": false, "revocation_reason": null, "expires_at": null, "acceptance": "Unaccepted", "hashed": true, "salt": "fd33e4ed903c404bb8ae5f8ca8b9026e", "narrative": null, "old_json": "\"\""}}, {"model": "issuer.badgeinstance", "pk": 12, "fields": {"entity_version": 2, "entity_id": "9BuRUHB5TIiePqjDkyqJ9A", "created_at": "2021-01-25T16:08:57.623Z", "created_by": 5, "updated_at": "2021-01-25T16:08:57.623Z", "updated_by": null, "original_json": null, "source": "local", "source_url": null, "issued_on": "2021-01-25T16:08:57.619Z", "badgeclass": 39, "issuer": 1, "user": null, "recipient_identifier": "rossana.bartolacelli@u-hopper.com", "recipient_type": "email", "image": "uploads/badges/assertion-9BuRUHB5TIiePqjDkyqJ9A.png", "slug": null, "revoked": false, "revocation_reason": null, "expires_at": null, "acceptance": "Unaccepted", "hashed": true, "salt": "3b5a347711ad468d9a43d21a99d06881", "narrative": null, "old_json": "\"\""}}, {"model": "issuer.badgeinstance", "pk": 13, "fields": {"entity_version": 2, "entity_id": "283CU3V6REqaY8RmzAg9FA", "created_at": "2021-01-25T16:09:17.190Z", "created_by": 5, "updated_at": "2021-01-25T16:09:17.190Z", "updated_by": null, "original_json": null, "source": "local", "source_url": null, "issued_on": "2021-01-25T16:09:17.184Z", "badgeclass": 42, "issuer": 1, "user": null, "recipient_identifier": "rossana.bartolacelli@u-hopper.com", "recipient_type": "email", "image": "uploads/badges/assertion-283CU3V6REqaY8RmzAg9FA.png", "slug": null, "revoked": false, "revocation_reason": null, "expires_at": null, "acceptance": "Unaccepted", "hashed": true, "salt": "16f9f848549945d38d5bec872cbc1118", "narrative": null, "old_json": "\"\""}}, {"model": "issuer.badgeinstance", "pk": 14, "fields": {"entity_version": 2, "entity_id": "s8QhKZZ1ROeG8Rx5KSqPIg", "created_at": "2021-01-25T16:09:39.402Z", "created_by": 5, "updated_at": "2021-01-25T16:09:39.402Z", "updated_by": null, "original_json": null, "source": "local", "source_url": null, "issued_on": "2021-01-25T16:09:39.383Z", "badgeclass": 39, "issuer": 1, "user": null, "recipient_identifier": "stefano.tavonatti@u-hopper.com", "recipient_type": "email", "image": "uploads/badges/assertion-s8QhKZZ1ROeG8Rx5KSqPIg.png", "slug": null, "revoked": false, "revocation_reason": null, "expires_at": null, "acceptance": "Unaccepted", "hashed": true, "salt": "2ab89e7d7ecd4ff49731d10212c1dfb9", "narrative": null, "old_json": "\"\""}}, {"model": "issuer.badgeinstance", "pk": 15, "fields": {"entity_version": 2, "entity_id": "JEZUGny2Sy2JJK6xBehUIg", "created_at": "2021-01-25T16:14:55.521Z", "created_by": 5, "updated_at": "2021-01-25T16:14:55.521Z", "updated_by": null, "original_json": null, "source": "local", "source_url": null, "issued_on": "2021-01-25T16:14:55.517Z", "badgeclass": 36, "issuer": 1, "user": null, "recipient_identifier": "stefano.tavonatti@u-hopper.com", "recipient_type": "email", "image": "uploads/badges/assertion-JEZUGny2Sy2JJK6xBehUIg.png", "slug": null, "revoked": false, "revocation_reason": null, "expires_at": null, "acceptance": "Unaccepted", "hashed": true, "salt": "da65e9bc70104d82830179284b11f1a8", "narrative": null, "old_json": "\"\""}}, {"model": "issuer.badgeinstance", "pk": 16, "fields": {"entity_version": 2, "entity_id": "LizOEQgDQZyKaIlQQua9tQ", "created_at": "2021-01-25T16:16:12.843Z", "created_by": 5, "updated_at": "2021-01-25T16:16:12.843Z", "updated_by": null, "original_json": null, "source": "local", "source_url": null, "issued_on": "2021-01-25T16:16:12.839Z", "badgeclass": 42, "issuer": 1, "user": null, "recipient_identifier": "nicolo.pomini@u-hopper.com", "recipient_type": "email", "image": "uploads/badges/assertion-LizOEQgDQZyKaIlQQua9tQ.png", "slug": null, "revoked": false, "revocation_reason": null, "expires_at": null, "acceptance": "Unaccepted", "hashed": true, "salt": "3eaa97be1cb9442398950a09f46e1f07", "narrative": null, "old_json": "\"\""}}, {"model": "issuer.badgeinstance", "pk": 17, "fields": {"entity_version": 2, "entity_id": "lMGxw6yfRSyTb71yn3HD8A", "created_at": "2021-01-25T17:09:46.515Z", "created_by": 5, "updated_at": "2021-01-25T17:09:46.515Z", "updated_by": null, "original_json": null, "source": "local", "source_url": null, "issued_on": "2021-01-25T17:09:46.511Z", "badgeclass": 42, "issuer": 1, "user": null, "recipient_identifier": "carlo.caprini@u-hopper.com", "recipient_type": "email", "image": "uploads/badges/assertion-lMGxw6yfRSyTb71yn3HD8A.png", "slug": null, "revoked": false, "revocation_reason": null, "expires_at": null, "acceptance": "Unaccepted", "hashed": true, "salt": "c535f831e417444a861b6121a3b491cd", "narrative": null, "old_json": "\"\""}}, {"model": "issuer.badgeinstance", "pk": 18, "fields": {"entity_version": 2, "entity_id": "mWzCKKLfTK2WvoBpQXsyxw", "created_at": "2021-01-25T18:07:46.726Z", "created_by": 5, "updated_at": "2021-01-25T18:07:46.726Z", "updated_by": null, "original_json": null, "source": "local", "source_url": null, "issued_on": "2021-01-25T18:07:46.719Z", "badgeclass": 37, "issuer": 1, "user": null, "recipient_identifier": "stefano.tavonatti@u-hopper.com", "recipient_type": "email", "image": "uploads/badges/assertion-mWzCKKLfTK2WvoBpQXsyxw.png", "slug": null, "revoked": false, "revocation_reason": null, "expires_at": null, "acceptance": "Unaccepted", "hashed": true, "salt": "fcfc87d03b5c4a748287de212fbef5da", "narrative": null, "old_json": "\"\""}}, {"model": "issuer.badgeinstance", "pk": 19, "fields": {"entity_version": 2, "entity_id": "FAW5qVawRqmv7RiDT1BkdA", "created_at": "2021-01-26T08:59:37.900Z", "created_by": 5, "updated_at": "2021-01-26T08:59:37.901Z", "updated_by": null, "original_json": null, "source": "local", "source_url": null, "issued_on": "2021-01-26T08:59:37.893Z", "badgeclass": 36, "issuer": 1, "user": null, "recipient_identifier": "nicolo.pomini@u-hopper.com", "recipient_type": "email", "image": "uploads/badges/assertion-FAW5qVawRqmv7RiDT1BkdA.png", "slug": null, "revoked": false, "revocation_reason": null, "expires_at": null, "acceptance": "Unaccepted", "hashed": true, "salt": "9497ac24105a4e5592f1ce20fd531f48", "narrative": null, "old_json": "\"\""}}, {"model": "issuer.badgeinstance", "pk": 20, "fields": {"entity_version": 2, "entity_id": "TMNHGyy8QI-bTeF-V9hnxg", "created_at": "2021-01-27T16:45:18.339Z", "created_by": 5, "updated_at": "2021-01-27T16:45:18.339Z", "updated_by": null, "original_json": null, "source": "local", "source_url": null, "issued_on": "2021-01-27T16:45:18.330Z", "badgeclass": 40, "issuer": 1, "user": null, "recipient_identifier": "carlo.caprini@u-hopper.com", "recipient_type": "email", "image": "uploads/badges/assertion-TMNHGyy8QI-bTeF-V9hnxg.png", "slug": null, "revoked": false, "revocation_reason": null, "expires_at": null, "acceptance": "Unaccepted", "hashed": true, "salt": "505e6f8ca9b74a79a9b49b75d0bddde6", "narrative": null, "old_json": "\"\""}}, {"model": "issuer.badgeinstance", "pk": 21, "fields": {"entity_version": 2, "entity_id": "iyeXtA2jRMqFON1mUPi6cg", "created_at": "2021-01-27T16:48:51.361Z", "created_by": 5, "updated_at": "2021-01-27T16:48:51.361Z", "updated_by": null, "original_json": null, "source": "local", "source_url": null, "issued_on": "2021-01-27T16:48:51.352Z", "badgeclass": 41, "issuer": 1, "user": null, "recipient_identifier": "carlo.caprini@u-hopper.com", "recipient_type": "email", "image": "uploads/badges/assertion-iyeXtA2jRMqFON1mUPi6cg.png", "slug": null, "revoked": false, "revocation_reason": null, "expires_at": null, "acceptance": "Unaccepted", "hashed": true, "salt": "63b48764ee444d929748b614f4d3e90c", "narrative": null, "old_json": "\"\""}}, {"model": "issuer.badgeinstance", "pk": 22, "fields": {"entity_version": 2, "entity_id": "dKpQHXeRSE2u2G0RYSFpow", "created_at": "2021-01-27T16:49:40.185Z", "created_by": 5, "updated_at": "2021-01-27T16:49:40.185Z", "updated_by": null, "original_json": null, "source": "local", "source_url": null, "issued_on": "2021-01-27T16:49:40.179Z", "badgeclass": 40, "issuer": 1, "user": null, "recipient_identifier": "nicolo.pomini@u-hopper.com", "recipient_type": "email", "image": "uploads/badges/assertion-dKpQHXeRSE2u2G0RYSFpow.png", "slug": null, "revoked": false, "revocation_reason": null, "expires_at": null, "acceptance": "Unaccepted", "hashed": true, "salt": "a68ec9ba50eb45b0b4e6b07d7c42adf2", "narrative": null, "old_json": "\"\""}}, {"model": "issuer.badgeinstance", "pk": 23, "fields": {"entity_version": 2, "entity_id": "xveQej6mRciqM8bdPnPszA", "created_at": "2021-01-27T16:50:25.218Z", "created_by": 5, "updated_at": "2021-01-27T16:50:25.218Z", "updated_by": null, "original_json": null, "source": "local", "source_url": null, "issued_on": "2021-01-27T16:50:25.211Z", "badgeclass": 43, "issuer": 1, "user": null, "recipient_identifier": "nicolo.pomini@u-hopper.com", "recipient_type": "email", "image": "uploads/badges/assertion-xveQej6mRciqM8bdPnPszA.png", "slug": null, "revoked": false, "revocation_reason": null, "expires_at": null, "acceptance": "Unaccepted", "hashed": true, "salt": "40b8fbc5253a468eb6bc4b446bfdc10f", "narrative": null, "old_json": "\"\""}}, {"model": "issuer.badgeinstance", "pk": 24, "fields": {"entity_version": 2, "entity_id": "njI7pj2-Rkm2yG7tpEWrOQ", "created_at": "2021-01-28T12:10:26.276Z", "created_by": 5, "updated_at": "2021-01-28T12:10:26.276Z", "updated_by": null, "original_json": null, "source": "local", "source_url": null, "issued_on": "2021-01-28T12:10:26.269Z", "badgeclass": 38, "issuer": 1, "user": null, "recipient_identifier": "carlo.caprini@u-hopper.com", "recipient_type": "email", "image": "uploads/badges/assertion-njI7pj2-Rkm2yG7tpEWrOQ.png", "slug": null, "revoked": false, "revocation_reason": null, "expires_at": null, "acceptance": "Unaccepted", "hashed": true, "salt": "1b6c170d03c74cab959106daf4b8ad31", "narrative": null, "old_json": "\"\""}}, {"model": "issuer.badgeinstance", "pk": 25, "fields": {"entity_version": 2, "entity_id": "1W-IVIp5SQO696zK0CW2dg", "created_at": "2021-01-29T18:44:49.450Z", "created_by": 5, "updated_at": "2021-01-29T18:44:49.450Z", "updated_by": null, "original_json": null, "source": "local", "source_url": null, "issued_on": "2021-01-29T18:44:49.434Z", "badgeclass": 39, "issuer": 1, "user": null, "recipient_identifier": "benzaked@post.bgu.ac.il", "recipient_type": "email", "image": "uploads/badges/assertion-1W-IVIp5SQO696zK0CW2dg.png", "slug": null, "revoked": false, "revocation_reason": null, "expires_at": null, "acceptance": "Unaccepted", "hashed": true, "salt": "b4ae1515e48d4a01a49e6fcdded50e3a", "narrative": null, "old_json": "\"\""}}, {"model": "issuer.badgeclasstag", "pk": 5, "fields": {"badgeclass": 44, "name": "AnswersAccepted"}}, {"model": "issuer.badgeclasstag", "pk": 6, "fields": {"badgeclass": 43, "name": "AnswersAccepted"}}, {"model": "issuer.badgeclasstag", "pk": 7, "fields": {"badgeclass": 42, "name": "AnswersAccepted"}}, {"model": "issuer.badgeclasstag", "pk": 8, "fields": {"badgeclass": 41, "name": "Answers"}}, {"model": "issuer.badgeclasstag", "pk": 9, "fields": {"badgeclass": 41, "name": "10"}}, {"model": "issuer.badgeclasstag", "pk": 10, "fields": {"badgeclass": 44, "name": "5"}}, {"model": "issuer.badgeclasstag", "pk": 11, "fields": {"badgeclass": 43, "name": "3"}}, {"model": "issuer.badgeclasstag", "pk": 12, "fields": {"badgeclass": 42, "name": "1"}}, {"model": "issuer.badgeclasstag", "pk": 13, "fields": {"badgeclass": 39, "name": "Answers"}}, {"model": "issuer.badgeclasstag", "pk": 14, "fields": {"badgeclass": 39, "name": "1"}}, {"model": "issuer.badgeclasstag", "pk": 15, "fields": {"badgeclass": 36, "name": "Questions"}}, {"model": "issuer.badgeclasstag", "pk": 16, "fields": {"badgeclass": 36, "name": "1"}}, {"model": "issuer.badgeclasstag", "pk": 17, "fields": {"badgeclass": 37, "name": "Questions"}}, {"model": "issuer.badgeclasstag", "pk": 18, "fields": {"badgeclass": 37, "name": "5"}}, {"model": "issuer.badgeclasstag", "pk": 19, "fields": {"badgeclass": 38, "name": "Questions"}}, {"model": "issuer.badgeclasstag", "pk": 20, "fields": {"badgeclass": 38, "name": "10"}}, {"model": "issuer.badgeclasstag", "pk": 23, "fields": {"badgeclass": 40, "name": "Answers"}}, {"model": "issuer.badgeclasstag", "pk": 24, "fields": {"badgeclass": 40, "name": "5"}}, {"model": "issuer.badgeclassextension", "pk": 1, "fields": {"name": "app", "original_json": "\"I2AFRCOXx3\"", "badgeclass": 36}}, {"model": "issuer.badgeclassextension", "pk": 2, "fields": {"name": "app", "original_json": "\"I2AFRCOXx3\"", "badgeclass": 37}}, {"model": "issuer.badgeclassextension", "pk": 3, "fields": {"name": "app", "original_json": "\"I2AFRCOXx3\"", "badgeclass": 38}}, {"model": "issuer.badgeclassextension", "pk": 4, "fields": {"name": "app", "original_json": "\"I2AFRCOXx3\"", "badgeclass": 39}}, {"model": "issuer.badgeclassextension", "pk": 5, "fields": {"name": "app", "original_json": "\"I2AFRCOXx3\"", "badgeclass": 40}}, {"model": "issuer.badgeclassextension", "pk": 6, "fields": {"name": "app", "original_json": "\"I2AFRCOXx3\"", "badgeclass": 41}}, {"model": "issuer.badgeclassextension", "pk": 7, "fields": {"name": "app", "original_json": "\"I2AFRCOXx3\"", "badgeclass": 42}}, {"model": "issuer.badgeclassextension", "pk": 8, "fields": {"name": "app", "original_json": "\"I2AFRCOXx3\"", "badgeclass": 43}}, {"model": "issuer.badgeclassextension", "pk": 9, "fields": {"name": "app", "original_json": "\"I2AFRCOXx3\"", "badgeclass": 44}}, {"model": "issuer.badgeclassextension", "pk": 10, "fields": {"name": "AppMessage", "original_json": "\"Congratulations! You just earned the First Question badge! Way to go!\"", "badgeclass": 36}}, {"model": "issuer.badgeclassextension", "pk": 11, "fields": {"name": "AppMessage", "original_json": "\"Congratulations! You are Level 1 Curious! Stay hungry and keep asking questions!\"", "badgeclass": 37}}, {"model": "issuer.badgeclassextension", "pk": 12, "fields": {"name": "AppMessage", "original_json": "\"Congratulations! You are now Level 2 Curious! Amazing interest in the world, keep asking questions!\"", "badgeclass": 38}}, {"model": "issuer.badgeclassextension", "pk": 13, "fields": {"name": "AppMessage", "original_json": "\"Congratulations! You just earned the First Answer badge! Way to go!\"", "badgeclass": 39}}, {"model": "issuer.badgeclassextension", "pk": 14, "fields": {"name": "AppMessage", "original_json": "\"Congratulations! You are now Level 1 Helper! Keep sharing your knowledge!\"", "badgeclass": 40}}, {"model": "issuer.badgeclassextension", "pk": 15, "fields": {"name": "AppMessage", "original_json": "\"Congratulations! You are now Level 2 Helper! Keep sharing!\"", "badgeclass": 41}}, {"model": "issuer.badgeclassextension", "pk": 16, "fields": {"name": "AppMessage", "original_json": "\"Congratulations! You just earned your First Good Answer badge! Well done!\"", "badgeclass": 42}}, {"model": "issuer.badgeclassextension", "pk": 17, "fields": {"name": "AppMessage", "original_json": "\"Congratulations, your answers are appreciated! You just earned your Good Answers Level 1 badge!\"", "badgeclass": 43}}, {"model": "issuer.badgeclassextension", "pk": 18, "fields": {"name": "AppMessage", "original_json": "\"You keep giving great answers! You just got Good Answers Level 2! Congratulations!\"", "badgeclass": 44}}, {"model": "admin.logentry", "pk": 1, "fields": {"action_time": "2019-08-10T13:16:56.277Z", "user": 1, "content_type": 19, "object_id": "2", "object_repr": "Avi segal <avisegal@gmail.com>", "action_flag": 1, "change_message": "[{\"added\": {}}]"}}, {"model": "admin.logentry", "pk": 2, "fields": {"action_time": "2019-08-10T13:27:43.336Z", "user": 1, "content_type": 19, "object_id": "2", "object_repr": "Avi segal <avisegal@gmail.com>", "action_flag": 3, "change_message": ""}}, {"model": "admin.logentry", "pk": 3, "fields": {"action_time": "2019-08-11T11:34:27.733Z", "user": 1, "content_type": 32, "object_id": "1", "object_repr": "dev", "action_flag": 1, "change_message": "[{\"added\": {}}, {\"added\": {\"object\": \"ApplicationInfo object\", \"name\": \"application info\"}}]"}}, {"model": "admin.logentry", "pk": 4, "fields": {"action_time": "2019-09-19T11:45:16.665Z", "user": 1, "content_type": 39, "object_id": "1", "object_repr": "IssuermT7hgXVkQMShRxRWIusVSg", "action_flag": 1, "change_message": "[{\"added\": {}}]"}}, {"model": "admin.logentry", "pk": 5, "fields": {"action_time": "2019-09-19T14:21:05.029Z", "user": 1, "content_type": 43, "object_id": "1", "object_repr": "BadgeClass4ZGWmvvFT7uykGXqsNXZ6w", "action_flag": 2, "change_message": "[{\"changed\": {\"fields\": [\"name\", \"description\"]}}]"}}, {"model": "admin.logentry", "pk": 6, "fields": {"action_time": "2019-09-19T14:22:18.133Z", "user": 1, "content_type": 43, "object_id": "2", "object_repr": "BadgeClassuke1zMKDTaK-iqw_RR9d7Q", "action_flag": 1, "change_message": "[{\"added\": {}}]"}}, {"model": "admin.logentry", "pk": 7, "fields": {"action_time": "2019-09-19T14:22:45.603Z", "user": 1, "content_type": 43, "object_id": "2", "object_repr": "BadgeClassuke1zMKDTaK-iqw_RR9d7Q", "action_flag": 3, "change_message": ""}}, {"model": "admin.logentry", "pk": 8, "fields": {"action_time": "2019-09-19T14:32:18.020Z", "user": 1, "content_type": 43, "object_id": "5", "object_repr": "BadgeClassVV2YrAyqTjeKknt8TmjGPA", "action_flag": 2, "change_message": "[{\"changed\": {\"fields\": [\"name\"]}}]"}}, {"model": "admin.logentry", "pk": 9, "fields": {"action_time": "2019-11-07T10:16:49.167Z", "user": 1, "content_type": 39, "object_id": "2", "object_repr": "IssuerHG47GEcWTGq2Hdr6Nm0bHQ", "action_flag": 1, "change_message": "[{\"added\": {}}]"}}, {"model": "admin.logentry", "pk": 10, "fields": {"action_time": "2019-11-07T10:17:16.532Z", "user": 1, "content_type": 39, "object_id": "2", "object_repr": "IssuerHG47GEcWTGq2Hdr6Nm0bHQ", "action_flag": 3, "change_message": ""}}, {"model": "admin.logentry", "pk": 11, "fields": {"action_time": "2019-11-07T10:40:27.114Z", "user": 1, "content_type": 19, "object_id": "4", "object_repr": "  <benzaked@post.bgu.ac.il>", "action_flag": 3, "change_message": ""}}, {"model": "admin.logentry", "pk": 12, "fields": {"action_time": "2019-11-07T11:51:08.527Z", "user": 1, "content_type": 43, "object_id": "9", "object_repr": "BadgeClassLbtG_-kPSi2gfPsE_PrSaw", "action_flag": 3, "change_message": ""}}, {"model": "admin.logentry", "pk": 13, "fields": {"action_time": "2019-11-07T11:51:08.546Z", "user": 1, "content_type": 43, "object_id": "8", "object_repr": "BadgeClassDXBBM8FSSdCgJwpAYjfzMQ", "action_flag": 3, "change_message": ""}}, {"model": "admin.logentry", "pk": 14, "fields": {"action_time": "2019-11-07T11:51:08.554Z", "user": 1, "content_type": 43, "object_id": "7", "object_repr": "BadgeClassac1LUB8NQfycVvmYtqzjFg", "action_flag": 3, "change_message": ""}}, {"model": "admin.logentry", "pk": 15, "fields": {"action_time": "2019-11-07T11:51:08.569Z", "user": 1, "content_type": 43, "object_id": "6", "object_repr": "BadgeClassFlry6mK6QaaaShFcbCNq7w", "action_flag": 3, "change_message": ""}}, {"model": "admin.logentry", "pk": 16, "fields": {"action_time": "2019-11-18T14:14:25.379Z", "user": 1, "content_type": 5, "object_id": "1", "object_repr": "localhost:4000", "action_flag": 1, "change_message": "[{\"added\": {}}]"}}, {"model": "admin.logentry", "pk": 17, "fields": {"action_time": "2020-01-20T09:03:57.563Z", "user": 1, "content_type": 19, "object_id": "4", "object_repr": "WeNet Issuer <wenet.badges@gmail.com>", "action_flag": 1, "change_message": "[{\"added\": {}}]"}}, {"model": "admin.logentry", "pk": 18, "fields": {"action_time": "2020-01-20T09:07:57.539Z", "user": 1, "content_type": 19, "object_id": "4", "object_repr": "WeNet Issuer <wenet.badges@gmail.com>", "action_flag": 2, "change_message": "[{\"added\": {\"object\": \"wenet.badges@gmail.com (WeNet Issuer <wenet.badges@gmail.com>)\", \"name\": \"email address\"}}]"}}, {"model": "admin.logentry", "pk": 19, "fields": {"action_time": "2020-01-20T09:11:23.873Z", "user": 1, "content_type": 19, "object_id": "4", "object_repr": "WeNet Issuer <wenet.badges@gmail.com>", "action_flag": 2, "change_message": "[{\"changed\": {\"fields\": [\"badgrapp\"]}}]"}}, {"model": "admin.logentry", "pk": 20, "fields": {"action_time": "2020-01-20T09:11:36.528Z", "user": 1, "content_type": 19, "object_id": "1", "object_repr": "  <benzaked@post.bgu.ac.il>", "action_flag": 2, "change_message": "[]"}}, {"model": "admin.logentry", "pk": 21, "fields": {"action_time": "2020-01-20T09:14:53.699Z", "user": 1, "content_type": 19, "object_id": "4", "object_repr": "WeNet Issuer <wenet.badges@gmail.com>", "action_flag": 3, "change_message": ""}}, {"model": "admin.logentry", "pk": 22, "fields": {"action_time": "2020-01-20T10:29:44.373Z", "user": 5, "content_type": 19, "object_id": "5", "object_repr": "  <wenet.badges@gmail.com>", "action_flag": 2, "change_message": "[{\"added\": {\"object\": \"wenet.badges@gmail.com (  <wenet.badges@gmail.com>)\", \"name\": \"email address\"}}]"}}, {"model": "admin.logentry", "pk": 23, "fields": {"action_time": "2020-05-10T08:06:38.054Z", "user": 1, "content_type": 43, "object_id": "22", "object_repr": "BadgeClasswV30wX0VTXm2PVPVcxMr5w", "action_flag": 1, "change_message": "[{\"added\": {}}]"}}, {"model": "admin.logentry", "pk": 24, "fields": {"action_time": "2020-05-10T08:08:13.125Z", "user": 1, "content_type": 43, "object_id": "23", "object_repr": "BadgeClassRTR8KkZbRLO45QTHM6WUUA", "action_flag": 1, "change_message": "[{\"added\": {}}]"}}, {"model": "admin.logentry", "pk": 25, "fields": {"action_time": "2020-05-10T08:08:55.615Z", "user": 1, "content_type": 43, "object_id": "24", "object_repr": "BadgeClasshpqAdI7hQf2maQ13AW1jXA", "action_flag": 1, "change_message": "[{\"added\": {}}]"}}, {"model": "admin.logentry", "pk": 26, "fields": {"action_time": "2020-05-10T08:13:50.671Z", "user": 1, "content_type": 43, "object_id": "25", "object_repr": "BadgeClassDqQzjMKWQNipb1o9Fbaqjw", "action_flag": 1, "change_message": "[{\"added\": {}}]"}}, {"model": "admin.logentry", "pk": 27, "fields": {"action_time": "2020-05-10T08:14:40.903Z", "user": 1, "content_type": 43, "object_id": "26", "object_repr": "BadgeClassyPBbuTgFRQuD3JzsQ5bG-w", "action_flag": 1, "change_message": "[{\"added\": {}}]"}}, {"model": "admin.logentry", "pk": 28, "fields": {"action_time": "2020-05-10T08:15:24.294Z", "user": 1, "content_type": 43, "object_id": "27", "object_repr": "BadgeClassVc8ywfpPSqynCDFfig3GhQ", "action_flag": 1, "change_message": "[{\"added\": {}}]"}}, {"model": "admin.logentry", "pk": 29, "fields": {"action_time": "2020-05-10T10:21:03.938Z", "user": 1, "content_type": 19, "object_id": "6", "object_repr": "Daniel Zaken <benzaked@post.bgu.asdac.il>", "action_flag": 1, "change_message": "[{\"added\": {}}]"}}, {"model": "admin.logentry", "pk": 30, "fields": {"action_time": "2020-05-10T10:21:53.089Z", "user": 1, "content_type": 19, "object_id": "6", "object_repr": "Daniel Zaken <benzaked@post.bgu.asdac.il>", "action_flag": 3, "change_message": ""}}, {"model": "admin.logentry", "pk": 31, "fields": {"action_time": "2020-05-10T10:22:28.614Z", "user": 1, "content_type": 19, "object_id": "7", "object_repr": "Daniel Zaken <benzaked@podasdast.bgu.ac.il>", "action_flag": 1, "change_message": "[{\"added\": {}}]"}}, {"model": "admin.logentry", "pk": 32, "fields": {"action_time": "2020-05-10T10:25:35.840Z", "user": 1, "content_type": 19, "object_id": "8", "object_repr": "csac scac <csaca@fasfa.com>", "action_flag": 1, "change_message": "[{\"added\": {}}]"}}, {"model": "admin.logentry", "pk": 33, "fields": {"action_time": "2020-05-10T10:33:43.322Z", "user": 1, "content_type": 19, "object_id": "9", "object_repr": "sdadsad dasdas <fsdfs@fsfas.com>", "action_flag": 1, "change_message": "[{\"added\": {}}]"}}, {"model": "admin.logentry", "pk": 34, "fields": {"action_time": "2020-05-10T10:34:41.741Z", "user": 1, "content_type": 19, "object_id": "10", "object_repr": "sdadsad dasdas <fsdfs@fsfas.comdas>", "action_flag": 1, "change_message": "[{\"added\": {}}]"}}, {"model": "admin.logentry", "pk": 35, "fields": {"action_time": "2020-05-10T11:46:58.339Z", "user": 1, "content_type": 19, "object_id": "12", "object_repr": "Daniel ben <user@exdample.com>", "action_flag": 3, "change_message": ""}}, {"model": "admin.logentry", "pk": 36, "fields": {"action_time": "2020-05-10T12:38:19.609Z", "user": 1, "content_type": 19, "object_id": "17", "object_repr": "Rhonda Hernandez <nuneztimothy@daniel.com>", "action_flag": 3, "change_message": ""}}, {"model": "admin.logentry", "pk": 37, "fields": {"action_time": "2020-05-10T12:38:19.611Z", "user": 1, "content_type": 19, "object_id": "16", "object_repr": "Daniel cohen <user@exdample.com>", "action_flag": 3, "change_message": ""}}, {"model": "admin.logentry", "pk": 38, "fields": {"action_time": "2020-05-10T12:38:19.621Z", "user": 1, "content_type": 19, "object_id": "10", "object_repr": "sdadsad dasdas <fsdfs@fsfas.comdas>", "action_flag": 3, "change_message": ""}}, {"model": "admin.logentry", "pk": 39, "fields": {"action_time": "2020-05-10T12:38:19.629Z", "user": 1, "content_type": 19, "object_id": "9", "object_repr": "sdadsad dasdas <fsdfs@fsfas.com>", "action_flag": 3, "change_message": ""}}, {"model": "admin.logentry", "pk": 40, "fields": {"action_time": "2020-05-10T12:38:19.631Z", "user": 1, "content_type": 19, "object_id": "8", "object_repr": "csac scac <csaca@fasfa.com>", "action_flag": 3, "change_message": ""}}, {"model": "admin.logentry", "pk": 41, "fields": {"action_time": "2020-05-10T12:54:37.809Z", "user": 1, "content_type": 43, "object_id": "28", "object_repr": "BadgeClassOa43Lh59QQGZFPPhRopwyg", "action_flag": 3, "change_message": ""}}, {"model": "admin.logentry", "pk": 42, "fields": {"action_time": "2020-06-07T11:48:48.268Z", "user": 1, "content_type": 43, "object_id": "27", "object_repr": "BadgeClassVc8ywfpPSqynCDFfig3GhQ", "action_flag": 2, "change_message": "[{\"changed\": {\"fields\": [\"description\"]}}]"}}, {"model": "admin.logentry", "pk": 43, "fields": {"action_time": "2020-06-07T11:49:38.480Z", "user": 1, "content_type": 43, "object_id": "26", "object_repr": "BadgeClassyPBbuTgFRQuD3JzsQ5bG-w", "action_flag": 2, "change_message": "[{\"changed\": {\"fields\": [\"description\"]}}]"}}, {"model": "admin.logentry", "pk": 44, "fields": {"action_time": "2020-06-07T11:49:51.663Z", "user": 1, "content_type": 43, "object_id": "27", "object_repr": "BadgeClassVc8ywfpPSqynCDFfig3GhQ", "action_flag": 2, "change_message": "[{\"changed\": {\"fields\": [\"description\"]}}]"}}, {"model": "admin.logentry", "pk": 45, "fields": {"action_time": "2020-06-07T11:50:05.510Z", "user": 1, "content_type": 43, "object_id": "25", "object_repr": "BadgeClassDqQzjMKWQNipb1o9Fbaqjw", "action_flag": 2, "change_message": "[{\"changed\": {\"fields\": [\"description\"]}}]"}}, {"model": "admin.logentry", "pk": 46, "fields": {"action_time": "2020-06-07T11:50:14.561Z", "user": 1, "content_type": 43, "object_id": "27", "object_repr": "BadgeClassVc8ywfpPSqynCDFfig3GhQ", "action_flag": 2, "change_message": "[{\"changed\": {\"fields\": [\"description\"]}}]"}}, {"model": "admin.logentry", "pk": 47, "fields": {"action_time": "2020-06-07T11:55:54.230Z", "user": 1, "content_type": 43, "object_id": "22", "object_repr": "BadgeClasswV30wX0VTXm2PVPVcxMr5w", "action_flag": 2, "change_message": "[{\"changed\": {\"fields\": [\"name\", \"description\"]}}]"}}, {"model": "admin.logentry", "pk": 48, "fields": {"action_time": "2020-06-07T11:56:30.070Z", "user": 1, "content_type": 43, "object_id": "23", "object_repr": "BadgeClassRTR8KkZbRLO45QTHM6WUUA", "action_flag": 2, "change_message": "[{\"changed\": {\"fields\": [\"name\", \"description\"]}}]"}}, {"model": "admin.logentry", "pk": 49, "fields": {"action_time": "2020-06-07T11:57:20.337Z", "user": 1, "content_type": 43, "object_id": "24", "object_repr": "BadgeClasshpqAdI7hQf2maQ13AW1jXA", "action_flag": 2, "change_message": "[{\"changed\": {\"fields\": [\"name\", \"description\"]}}]"}}, {"model": "admin.logentry", "pk": 50, "fields": {"action_time": "2020-06-07T11:57:29.866Z", "user": 1, "content_type": 43, "object_id": "23", "object_repr": "BadgeClassRTR8KkZbRLO45QTHM6WUUA", "action_flag": 2, "change_message": "[]"}}, {"model": "admin.logentry", "pk": 51, "fields": {"action_time": "2020-06-07T11:57:47.338Z", "user": 1, "content_type": 43, "object_id": "24", "object_repr": "BadgeClasshpqAdI7hQf2maQ13AW1jXA", "action_flag": 2, "change_message": "[{\"changed\": {\"fields\": [\"description\"]}}]"}}, {"model": "admin.logentry", "pk": 52, "fields": {"action_time": "2020-07-04T12:28:15.021Z", "user": 1, "content_type": 43, "object_id": "23", "object_repr": "BadgeClassRTR8KkZbRLO45QTHM6WUUA", "action_flag": 2, "change_message": "[{\"changed\": {\"fields\": [\"image\", \"name\", \"description\", \"criteria_text\"]}}]"}}, {"model": "admin.logentry", "pk": 53, "fields": {"action_time": "2020-07-04T12:31:28.932Z", "user": 1, "content_type": 43, "object_id": "22", "object_repr": "BadgeClasswV30wX0VTXm2PVPVcxMr5w", "action_flag": 2, "change_message": "[{\"changed\": {\"fields\": [\"image\", \"description\", \"criteria_text\"]}}]"}}, {"model": "admin.logentry", "pk": 54, "fields": {"action_time": "2020-07-04T12:31:55.809Z", "user": 1, "content_type": 43, "object_id": "22", "object_repr": "BadgeClasswV30wX0VTXm2PVPVcxMr5w", "action_flag": 2, "change_message": "[{\"changed\": {\"fields\": [\"name\"]}}]"}}, {"model": "admin.logentry", "pk": 55, "fields": {"action_time": "2020-07-04T12:52:09.239Z", "user": 1, "content_type": 43, "object_id": "24", "object_repr": "BadgeClasshpqAdI7hQf2maQ13AW1jXA", "action_flag": 2, "change_message": "[{\"changed\": {\"fields\": [\"image\", \"name\", \"description\", \"criteria_text\"]}}]"}}, {"model": "admin.logentry", "pk": 56, "fields": {"action_time": "2020-07-04T13:06:56.158Z", "user": 1, "content_type": 43, "object_id": "25", "object_repr": "BadgeClassDqQzjMKWQNipb1o9Fbaqjw", "action_flag": 2, "change_message": "[{\"changed\": {\"fields\": [\"description\", \"criteria_text\"]}}]"}}, {"model": "admin.logentry", "pk": 57, "fields": {"action_time": "2020-07-04T13:07:34.887Z", "user": 1, "content_type": 43, "object_id": "26", "object_repr": "BadgeClassyPBbuTgFRQuD3JzsQ5bG-w", "action_flag": 2, "change_message": "[{\"changed\": {\"fields\": [\"description\", \"criteria_text\"]}}]"}}, {"model": "admin.logentry", "pk": 58, "fields": {"action_time": "2020-07-04T13:08:17.887Z", "user": 1, "content_type": 43, "object_id": "27", "object_repr": "BadgeClassVc8ywfpPSqynCDFfig3GhQ", "action_flag": 2, "change_message": "[{\"changed\": {\"fields\": [\"description\", \"criteria_text\"]}}]"}}, {"model": "admin.logentry", "pk": 59, "fields": {"action_time": "2020-07-12T08:06:14.032Z", "user": 1, "content_type": 43, "object_id": "23", "object_repr": "BadgeClassRTR8KkZbRLO45QTHM6WUUA", "action_flag": 2, "change_message": "[{\"changed\": {\"fields\": [\"description\", \"criteria_text\"]}}]"}}, {"model": "admin.logentry", "pk": 60, "fields": {"action_time": "2020-07-12T08:06:32.076Z", "user": 1, "content_type": 43, "object_id": "22", "object_repr": "BadgeClasswV30wX0VTXm2PVPVcxMr5w", "action_flag": 2, "change_message": "[{\"changed\": {\"fields\": [\"description\", \"criteria_text\"]}}]"}}, {"model": "admin.logentry", "pk": 61, "fields": {"action_time": "2020-07-12T08:06:52.049Z", "user": 1, "content_type": 43, "object_id": "24", "object_repr": "BadgeClasshpqAdI7hQf2maQ13AW1jXA", "action_flag": 2, "change_message": "[{\"changed\": {\"fields\": [\"description\", \"criteria_text\"]}}]"}}, {"model": "admin.logentry", "pk": 62, "fields": {"action_time": "2020-07-12T08:07:10.694Z", "user": 1, "content_type": 43, "object_id": "25", "object_repr": "BadgeClassDqQzjMKWQNipb1o9Fbaqjw", "action_flag": 2, "change_message": "[{\"changed\": {\"fields\": [\"description\", \"criteria_text\"]}}]"}}, {"model": "admin.logentry", "pk": 63, "fields": {"action_time": "2020-07-12T08:07:29.756Z", "user": 1, "content_type": 43, "object_id": "26", "object_repr": "BadgeClassyPBbuTgFRQuD3JzsQ5bG-w", "action_flag": 2, "change_message": "[{\"changed\": {\"fields\": [\"description\", \"criteria_text\"]}}]"}}, {"model": "admin.logentry", "pk": 64, "fields": {"action_time": "2020-07-12T08:07:43.603Z", "user": 1, "content_type": 43, "object_id": "27", "object_repr": "BadgeClassVc8ywfpPSqynCDFfig3GhQ", "action_flag": 2, "change_message": "[{\"changed\": {\"fields\": [\"description\", \"criteria_text\"]}}]"}}, {"model": "admin.logentry", "pk": 65, "fields": {"action_time": "2020-10-09T21:19:35.909Z", "user": 1, "content_type": 43, "object_id": "30", "object_repr": "BadgeClass93IoAZITR8qbmDVlrgEETQ", "action_flag": 3, "change_message": ""}}, {"model": "admin.logentry", "pk": 66, "fields": {"action_time": "2020-10-09T21:19:35.916Z", "user": 1, "content_type": 43, "object_id": "29", "object_repr": "BadgeClassNgvJ7O6dSxmaCeTKavZjVA", "action_flag": 3, "change_message": ""}}, {"model": "admin.logentry", "pk": 67, "fields": {"action_time": "2020-10-09T21:19:35.919Z", "user": 1, "content_type": 43, "object_id": "28", "object_repr": "BadgeClass5ealYJioSYiZVpXMrBT6ww", "action_flag": 3, "change_message": ""}}, {"model": "admin.logentry", "pk": 68, "fields": {"action_time": "2020-10-09T21:19:35.922Z", "user": 1, "content_type": 43, "object_id": "21", "object_repr": "BadgeClassOd4wk54eRGuYWRkki95ijA", "action_flag": 3, "change_message": ""}}, {"model": "admin.logentry", "pk": 69, "fields": {"action_time": "2020-10-09T21:19:35.926Z", "user": 1, "content_type": 43, "object_id": "20", "object_repr": "BadgeClassa14NoJqUSNe7LHd7ufDWUg", "action_flag": 3, "change_message": ""}}, {"model": "admin.logentry", "pk": 70, "fields": {"action_time": "2020-10-09T21:19:35.929Z", "user": 1, "content_type": 43, "object_id": "19", "object_repr": "BadgeClassgFnJfxtfRymCsrLGiPAUyQ", "action_flag": 3, "change_message": ""}}, {"model": "admin.logentry", "pk": 71, "fields": {"action_time": "2020-10-09T21:19:35.932Z", "user": 1, "content_type": 43, "object_id": "18", "object_repr": "BadgeClassWPDD1TyVSKOKdp-WBExtpQ", "action_flag": 3, "change_message": ""}}, {"model": "admin.logentry", "pk": 72, "fields": {"action_time": "2020-10-09T21:19:35.934Z", "user": 1, "content_type": 43, "object_id": "17", "object_repr": "BadgeClassnnnMzrGsS7OmAN418FLLiQ", "action_flag": 3, "change_message": ""}}, {"model": "admin.logentry", "pk": 73, "fields": {"action_time": "2020-10-09T21:19:35.937Z", "user": 1, "content_type": 43, "object_id": "16", "object_repr": "BadgeClassGgl3LlVsQkGXP3b4Jek7eQ", "action_flag": 3, "change_message": ""}}, {"model": "admin.logentry", "pk": 74, "fields": {"action_time": "2020-10-09T21:19:35.942Z", "user": 1, "content_type": 43, "object_id": "15", "object_repr": "BadgeClassnZvVpmaBQJ2ViMVdIbzIwA", "action_flag": 3, "change_message": ""}}, {"model": "admin.logentry", "pk": 75, "fields": {"action_time": "2020-10-09T21:19:35.949Z", "user": 1, "content_type": 43, "object_id": "14", "object_repr": "BadgeClassk2u5EAL1RHWJiPuZwJzfPA", "action_flag": 3, "change_message": ""}}, {"model": "admin.logentry", "pk": 76, "fields": {"action_time": "2020-10-09T21:19:35.952Z", "user": 1, "content_type": 43, "object_id": "13", "object_repr": "BadgeClassavYggz1iSdqG8wZzbW2_ug", "action_flag": 3, "change_message": ""}}, {"model": "admin.logentry", "pk": 77, "fields": {"action_time": "2020-10-09T21:19:35.954Z", "user": 1, "content_type": 43, "object_id": "12", "object_repr": "BadgeClasstdPz0uQnQBu3CLfNOa1D_w", "action_flag": 3, "change_message": ""}}, {"model": "admin.logentry", "pk": 78, "fields": {"action_time": "2020-10-09T21:19:35.958Z", "user": 1, "content_type": 43, "object_id": "11", "object_repr": "BadgeClasso7y8KhHCQneTS4khUSTfDg", "action_flag": 3, "change_message": ""}}, {"model": "admin.logentry", "pk": 79, "fields": {"action_time": "2020-10-09T21:46:56.041Z", "user": 1, "content_type": 43, "object_id": "27", "object_repr": "BadgeClassVc8ywfpPSqynCDFfig3GhQ", "action_flag": 2, "change_message": "[{\"changed\": {\"fields\": [\"image\"]}}]"}}, {"model": "admin.logentry", "pk": 80, "fields": {"action_time": "2020-10-09T21:47:06.113Z", "user": 1, "content_type": 43, "object_id": "26", "object_repr": "BadgeClassyPBbuTgFRQuD3JzsQ5bG-w", "action_flag": 2, "change_message": "[{\"changed\": {\"fields\": [\"image\"]}}]"}}, {"model": "admin.logentry", "pk": 81, "fields": {"action_time": "2020-10-09T21:47:16.380Z", "user": 1, "content_type": 43, "object_id": "25", "object_repr": "BadgeClassDqQzjMKWQNipb1o9Fbaqjw", "action_flag": 2, "change_message": "[{\"changed\": {\"fields\": [\"image\"]}}]"}}, {"model": "admin.logentry", "pk": 82, "fields": {"action_time": "2020-10-09T21:47:44.953Z", "user": 1, "content_type": 43, "object_id": "24", "object_repr": "BadgeClasshpqAdI7hQf2maQ13AW1jXA", "action_flag": 2, "change_message": "[{\"changed\": {\"fields\": [\"image\"]}}]"}}, {"model": "admin.logentry", "pk": 83, "fields": {"action_time": "2020-10-09T21:47:54.757Z", "user": 1, "content_type": 43, "object_id": "23", "object_repr": "BadgeClassRTR8KkZbRLO45QTHM6WUUA", "action_flag": 2, "change_message": "[{\"changed\": {\"fields\": [\"image\"]}}]"}}, {"model": "admin.logentry", "pk": 84, "fields": {"action_time": "2020-10-09T21:48:02.947Z", "user": 1, "content_type": 43, "object_id": "22", "object_repr": "BadgeClasswV30wX0VTXm2PVPVcxMr5w", "action_flag": 2, "change_message": "[{\"changed\": {\"fields\": [\"image\"]}}]"}}, {"model": "admin.logentry", "pk": 85, "fields": {"action_time": "2020-10-09T21:48:29.133Z", "user": 1, "content_type": 43, "object_id": "10", "object_repr": "BadgeClasslWIx_EdWQtOZvTQpSIbw6w", "action_flag": 2, "change_message": "[{\"changed\": {\"fields\": [\"image\"]}}]"}}, {"model": "admin.logentry", "pk": 86, "fields": {"action_time": "2020-10-09T21:48:36.346Z", "user": 1, "content_type": 43, "object_id": "5", "object_repr": "BadgeClassVV2YrAyqTjeKknt8TmjGPA", "action_flag": 2, "change_message": "[{\"changed\": {\"fields\": [\"image\"]}}]"}}, {"model": "admin.logentry", "pk": 87, "fields": {"action_time": "2020-10-09T21:48:45.047Z", "user": 1, "content_type": 43, "object_id": "4", "object_repr": "BadgeClassgQXIv4ucSoexvuSVsyDRJw", "action_flag": 2, "change_message": "[{\"changed\": {\"fields\": [\"image\"]}}]"}}, {"model": "admin.logentry", "pk": 88, "fields": {"action_time": "2020-10-09T21:48:51.882Z", "user": 1, "content_type": 43, "object_id": "3", "object_repr": "BadgeClassIj2wm81JRoq1CtdZCtWHgQ", "action_flag": 2, "change_message": "[{\"changed\": {\"fields\": [\"image\"]}}]"}}, {"model": "admin.logentry", "pk": 89, "fields": {"action_time": "2020-10-09T21:48:58.478Z", "user": 1, "content_type": 43, "object_id": "1", "object_repr": "BadgeClass4ZGWmvvFT7uykGXqsNXZ6w", "action_flag": 2, "change_message": "[{\"changed\": {\"fields\": [\"image\"]}}]"}}, {"model": "admin.logentry", "pk": 90, "fields": {"action_time": "2020-11-30T13:29:50.056Z", "user": 1, "content_type": 43, "object_id": "34", "object_repr": "BadgeClassq2oFynOXRkOsZv5XIi1Avw", "action_flag": 1, "change_message": "[{\"added\": {}}]"}}, {"model": "admin.logentry", "pk": 91, "fields": {"action_time": "2020-12-23T09:47:40.999Z", "user": 1, "content_type": 43, "object_id": "36", "object_repr": "BadgeClassdKBzDAIXSKeCUfmOaRsjmA", "action_flag": 1, "change_message": "[{\"added\": {}}]"}}, {"model": "admin.logentry", "pk": 92, "fields": {"action_time": "2020-12-23T09:48:31.087Z", "user": 1, "content_type": 43, "object_id": "37", "object_repr": "BadgeClassBkegdiFVRi2xqLnvlM8A9A", "action_flag": 1, "change_message": "[{\"added\": {}}]"}}, {"model": "admin.logentry", "pk": 93, "fields": {"action_time": "2020-12-23T09:49:21.227Z", "user": 1, "content_type": 43, "object_id": "38", "object_repr": "BadgeClasswhp4Ukz9S--sI1zmakznjg", "action_flag": 1, "change_message": "[{\"added\": {}}]"}}, {"model": "admin.logentry", "pk": 94, "fields": {"action_time": "2020-12-23T09:51:18.604Z", "user": 1, "content_type": 43, "object_id": "39", "object_repr": "BadgeClassdCOeYJzLTc-AvnpWDWTaNg", "action_flag": 1, "change_message": "[{\"added\": {}}]"}}, {"model": "admin.logentry", "pk": 95, "fields": {"action_time": "2020-12-23T09:51:32.751Z", "user": 1, "content_type": 43, "object_id": "36", "object_repr": "BadgeClassdKBzDAIXSKeCUfmOaRsjmA", "action_flag": 2, "change_message": "[{\"changed\": {\"fields\": [\"criteria_text\"]}}]"}}, {"model": "admin.logentry", "pk": 96, "fields": {"action_time": "2020-12-23T09:51:49.950Z", "user": 1, "content_type": 43, "object_id": "37", "object_repr": "BadgeClassBkegdiFVRi2xqLnvlM8A9A", "action_flag": 2, "change_message": "[{\"changed\": {\"fields\": [\"criteria_text\"]}}]"}}, {"model": "admin.logentry", "pk": 97, "fields": {"action_time": "2020-12-23T09:52:04.074Z", "user": 1, "content_type": 43, "object_id": "38", "object_repr": "BadgeClasswhp4Ukz9S--sI1zmakznjg", "action_flag": 2, "change_message": "[{\"changed\": {\"fields\": [\"criteria_text\"]}}]"}}, {"model": "admin.logentry", "pk": 98, "fields": {"action_time": "2020-12-23T09:52:42.555Z", "user": 1, "content_type": 43, "object_id": "40", "object_repr": "BadgeClass9dw_UfwPRxW3rBqXT3zT9A", "action_flag": 1, "change_message": "[{\"added\": {}}]"}}, {"model": "admin.logentry", "pk": 99, "fields": {"action_time": "2020-12-23T09:53:27.036Z", "user": 1, "content_type": 43, "object_id": "41", "object_repr": "BadgeClassQHqVe9QeRr-UJTU47D4Ssw", "action_flag": 1, "change_message": "[{\"added\": {}}]"}}, {"model": "admin.logentry", "pk": 100, "fields": {"action_time": "2020-12-23T09:54:04.231Z", "user": 1, "content_type": 43, "object_id": "42", "object_repr": "BadgeClass9G6pv1jGSPyDlOHopPA0Bw", "action_flag": 1, "change_message": "[{\"added\": {}}]"}}, {"model": "admin.logentry", "pk": 101, "fields": {"action_time": "2020-12-23T09:55:17.643Z", "user": 1, "content_type": 43, "object_id": "43", "object_repr": "BadgeClassuV38wVc6QAacXQ94b-ogGQ", "action_flag": 1, "change_message": "[{\"added\": {}}]"}}, {"model": "admin.logentry", "pk": 102, "fields": {"action_time": "2020-12-23T09:55:58.567Z", "user": 1, "content_type": 43, "object_id": "44", "object_repr": "BadgeClassSfYh9RcSRy6YoOsV8cP8rQ", "action_flag": 1, "change_message": "[{\"added\": {}}]"}}, {"model": "admin.logentry", "pk": 103, "fields": {"action_time": "2020-12-23T09:56:02.134Z", "user": 1, "content_type": 43, "object_id": "44", "object_repr": "BadgeClassSfYh9RcSRy6YoOsV8cP8rQ", "action_flag": 2, "change_message": "[]"}}, {"model": "admin.logentry", "pk": 104, "fields": {"action_time": "2021-01-05T13:43:39.172Z", "user": 1, "content_type": 43, "object_id": "44", "object_repr": "BadgeClassSfYh9RcSRy6YoOsV8cP8rQ", "action_flag": 2, "change_message": "[{\"added\": {\"object\": \"Answers\", \"name\": \"badge class tag\"}}]"}}, {"model": "admin.logentry", "pk": 105, "fields": {"action_time": "2021-01-05T13:43:56.038Z", "user": 1, "content_type": 43, "object_id": "43", "object_repr": "BadgeClassuV38wVc6QAacXQ94b-ogGQ", "action_flag": 2, "change_message": "[{\"added\": {\"object\": \"Answers\", \"name\": \"badge class tag\"}}]"}}, {"model": "admin.logentry", "pk": 106, "fields": {"action_time": "2021-01-05T13:44:15.752Z", "user": 1, "content_type": 43, "object_id": "42", "object_repr": "BadgeClass9G6pv1jGSPyDlOHopPA0Bw", "action_flag": 2, "change_message": "[{\"added\": {\"object\": \"Answers\", \"name\": \"badge class tag\"}}]"}}, {"model": "admin.logentry", "pk": 107, "fields": {"action_time": "2021-01-05T13:46:43.325Z", "user": 1, "content_type": 43, "object_id": "41", "object_repr": "BadgeClassQHqVe9QeRr-UJTU47D4Ssw", "action_flag": 2, "change_message": "[{\"added\": {\"object\": \"Helper\", \"name\": \"badge class tag\"}}, {\"added\": {\"object\": \"10\", \"name\": \"badge class tag\"}}]"}}, {"model": "admin.logentry", "pk": 108, "fields": {"action_time": "2021-01-05T13:47:47.793Z", "user": 1, "content_type": 43, "object_id": "44", "object_repr": "BadgeClassSfYh9RcSRy6YoOsV8cP8rQ", "action_flag": 2, "change_message": "[{\"added\": {\"object\": \"5\", \"name\": \"badge class tag\"}}]"}}, {"model": "admin.logentry", "pk": 109, "fields": {"action_time": "2021-01-05T13:47:57.640Z", "user": 1, "content_type": 43, "object_id": "43", "object_repr": "BadgeClassuV38wVc6QAacXQ94b-ogGQ", "action_flag": 2, "change_message": "[{\"added\": {\"object\": \"3\", \"name\": \"badge class tag\"}}]"}}, {"model": "admin.logentry", "pk": 110, "fields": {"action_time": "2021-01-05T13:48:22.262Z", "user": 1, "content_type": 43, "object_id": "42", "object_repr": "BadgeClass9G6pv1jGSPyDlOHopPA0Bw", "action_flag": 2, "change_message": "[{\"added\": {\"object\": \"1\", \"name\": \"badge class tag\"}}]"}}, {"model": "admin.logentry", "pk": 111, "fields": {"action_time": "2021-01-05T13:48:28.282Z", "user": 1, "content_type": 43, "object_id": "41", "object_repr": "BadgeClassQHqVe9QeRr-UJTU47D4Ssw", "action_flag": 2, "change_message": "[]"}}, {"model": "admin.logentry", "pk": 112, "fields": {"action_time": "2021-01-05T13:48:48.851Z", "user": 1, "content_type": 43, "object_id": "39", "object_repr": "BadgeClassdCOeYJzLTc-AvnpWDWTaNg", "action_flag": 2, "change_message": "[{\"added\": {\"object\": \"Helper\", \"name\": \"badge class tag\"}}, {\"added\": {\"object\": \"1\", \"name\": \"badge class tag\"}}]"}}, {"model": "admin.logentry", "pk": 113, "fields": {"action_time": "2021-01-05T13:49:13.237Z", "user": 1, "content_type": 43, "object_id": "36", "object_repr": "BadgeClassdKBzDAIXSKeCUfmOaRsjmA", "action_flag": 2, "change_message": "[{\"added\": {\"object\": \"question\", \"name\": \"badge class tag\"}}, {\"added\": {\"object\": \"1\", \"name\": \"badge class tag\"}}]"}}, {"model": "admin.logentry", "pk": 114, "fields": {"action_time": "2021-01-05T13:49:27.271Z", "user": 1, "content_type": 43, "object_id": "37", "object_repr": "BadgeClassBkegdiFVRi2xqLnvlM8A9A", "action_flag": 2, "change_message": "[{\"added\": {\"object\": \"questions\", \"name\": \"badge class tag\"}}, {\"added\": {\"object\": \"1\", \"name\": \"badge class tag\"}}]"}}, {"model": "admin.logentry", "pk": 115, "fields": {"action_time": "2021-01-05T13:49:34.156Z", "user": 1, "content_type": 43, "object_id": "36", "object_repr": "BadgeClassdKBzDAIXSKeCUfmOaRsjmA", "action_flag": 2, "change_message": "[{\"changed\": {\"fields\": [\"name\"], \"object\": \"questions\", \"name\": \"badge class tag\"}}]"}}, {"model": "admin.logentry", "pk": 116, "fields": {"action_time": "2021-01-05T13:49:43.245Z", "user": 1, "content_type": 43, "object_id": "37", "object_repr": "BadgeClassBkegdiFVRi2xqLnvlM8A9A", "action_flag": 2, "change_message": "[{\"changed\": {\"fields\": [\"name\"], \"object\": \"5\", \"name\": \"badge class tag\"}}]"}}, {"model": "admin.logentry", "pk": 117, "fields": {"action_time": "2021-01-05T13:50:00.436Z", "user": 1, "content_type": 43, "object_id": "38", "object_repr": "BadgeClasswhp4Ukz9S--sI1zmakznjg", "action_flag": 2, "change_message": "[{\"added\": {\"object\": \"questions\", \"name\": \"badge class tag\"}}, {\"added\": {\"object\": \"10\", \"name\": \"badge class tag\"}}]"}}, {"model": "admin.logentry", "pk": 118, "fields": {"action_time": "2021-01-05T13:51:11.710Z", "user": 1, "content_type": 43, "object_id": "36", "object_repr": "BadgeClassdKBzDAIXSKeCUfmOaRsjmA", "action_flag": 2, "change_message": "[{\"added\": {\"object\": \"app\", \"name\": \"badge class extension\"}}]"}}, {"model": "admin.logentry", "pk": 119, "fields": {"action_time": "2021-01-05T13:51:47.533Z", "user": 1, "content_type": 43, "object_id": "36", "object_repr": "BadgeClassdKBzDAIXSKeCUfmOaRsjmA", "action_flag": 2, "change_message": "[]"}}, {"model": "admin.logentry", "pk": 120, "fields": {"action_time": "2021-01-05T13:52:06.357Z", "user": 1, "content_type": 43, "object_id": "37", "object_repr": "BadgeClassBkegdiFVRi2xqLnvlM8A9A", "action_flag": 2, "change_message": "[{\"added\": {\"object\": \"app\", \"name\": \"badge class extension\"}}]"}}, {"model": "admin.logentry", "pk": 121, "fields": {"action_time": "2021-01-05T13:52:25.562Z", "user": 1, "content_type": 43, "object_id": "38", "object_repr": "BadgeClasswhp4Ukz9S--sI1zmakznjg", "action_flag": 2, "change_message": "[{\"added\": {\"object\": \"app\", \"name\": \"badge class extension\"}}]"}}, {"model": "admin.logentry", "pk": 122, "fields": {"action_time": "2021-01-05T13:59:38.333Z", "user": 1, "content_type": 43, "object_id": "39", "object_repr": "BadgeClassdCOeYJzLTc-AvnpWDWTaNg", "action_flag": 2, "change_message": "[{\"added\": {\"object\": \"app\", \"name\": \"badge class extension\"}}]"}}, {"model": "admin.logentry", "pk": 123, "fields": {"action_time": "2021-01-05T13:59:49.649Z", "user": 1, "content_type": 43, "object_id": "40", "object_repr": "BadgeClass9dw_UfwPRxW3rBqXT3zT9A", "action_flag": 2, "change_message": "[{\"added\": {\"object\": \"app1\", \"name\": \"badge class extension\"}}]"}}, {"model": "admin.logentry", "pk": 124, "fields": {"action_time": "2021-01-05T14:00:01.519Z", "user": 1, "content_type": 43, "object_id": "41", "object_repr": "BadgeClassQHqVe9QeRr-UJTU47D4Ssw", "action_flag": 2, "change_message": "[{\"added\": {\"object\": \"app\", \"name\": \"badge class extension\"}}]"}}, {"model": "admin.logentry", "pk": 125, "fields": {"action_time": "2021-01-05T14:01:18.417Z", "user": 1, "content_type": 43, "object_id": "40", "object_repr": "BadgeClass9dw_UfwPRxW3rBqXT3zT9A", "action_flag": 2, "change_message": "[{\"changed\": {\"fields\": [\"name\"], \"object\": \"app\", \"name\": \"badge class extension\"}}]"}}, {"model": "admin.logentry", "pk": 126, "fields": {"action_time": "2021-01-05T14:01:29.601Z", "user": 1, "content_type": 43, "object_id": "42", "object_repr": "BadgeClass9G6pv1jGSPyDlOHopPA0Bw", "action_flag": 2, "change_message": "[{\"added\": {\"object\": \"app\", \"name\": \"badge class extension\"}}]"}}, {"model": "admin.logentry", "pk": 127, "fields": {"action_time": "2021-01-05T14:01:37.759Z", "user": 1, "content_type": 43, "object_id": "43", "object_repr": "BadgeClassuV38wVc6QAacXQ94b-ogGQ", "action_flag": 2, "change_message": "[{\"added\": {\"object\": \"app\", \"name\": \"badge class extension\"}}]"}}, {"model": "admin.logentry", "pk": 128, "fields": {"action_time": "2021-01-05T14:01:45.849Z", "user": 1, "content_type": 43, "object_id": "44", "object_repr": "BadgeClassSfYh9RcSRy6YoOsV8cP8rQ", "action_flag": 2, "change_message": "[{\"added\": {\"object\": \"app\", \"name\": \"badge class extension\"}}]"}}, {"model": "admin.logentry", "pk": 129, "fields": {"action_time": "2021-01-05T15:50:11.110Z", "user": 1, "content_type": 43, "object_id": "45", "object_repr": "BadgeClassuvg7IEVXSMqAbnJzz7SfXg", "action_flag": 1, "change_message": "[{\"added\": {}}, {\"added\": {\"object\": \"AB\", \"name\": \"badge class tag\"}}, {\"added\": {\"object\": \"20\", \"name\": \"badge class tag\"}}]"}}, {"model": "admin.logentry", "pk": 130, "fields": {"action_time": "2021-01-05T15:51:22.223Z", "user": 1, "content_type": 43, "object_id": "45", "object_repr": "BadgeClassuvg7IEVXSMqAbnJzz7SfXg", "action_flag": 2, "change_message": "[{\"added\": {\"object\": \"app\", \"name\": \"badge class extension\"}}]"}}, {"model": "admin.logentry", "pk": 131, "fields": {"action_time": "2021-01-05T15:52:28.542Z", "user": 1, "content_type": 43, "object_id": "45", "object_repr": "BadgeClassuvg7IEVXSMqAbnJzz7SfXg", "action_flag": 2, "change_message": "[{\"changed\": {\"fields\": [\"name\"], \"object\": \"an\", \"name\": \"badge class tag\"}}]"}}, {"model": "admin.logentry", "pk": 132, "fields": {"action_time": "2021-01-05T15:52:37.156Z", "user": 1, "content_type": 43, "object_id": "45", "object_repr": "BadgeClassuvg7IEVXSMqAbnJzz7SfXg", "action_flag": 2, "change_message": "[{\"changed\": {\"fields\": [\"name\"], \"object\": \"Answers\", \"name\": \"badge class tag\"}}]"}}, {"model": "admin.logentry", "pk": 133, "fields": {"action_time": "2021-01-05T15:54:11.394Z", "user": 1, "content_type": 43, "object_id": "40", "object_repr": "BadgeClass9dw_UfwPRxW3rBqXT3zT9A", "action_flag": 2, "change_message": "[{\"added\": {\"object\": \"Helper\", \"name\": \"badge class tag\"}}, {\"added\": {\"object\": \"5\", \"name\": \"badge class tag\"}}]"}}, {"model": "admin.logentry", "pk": 134, "fields": {"action_time": "2021-01-05T16:04:42.542Z", "user": 1, "content_type": 43, "object_id": "45", "object_repr": "BadgeClassuvg7IEVXSMqAbnJzz7SfXg", "action_flag": 2, "change_message": "[{\"deleted\": {\"object\": \"20\", \"name\": \"badge class tag\"}}]"}}, {"model": "admin.logentry", "pk": 135, "fields": {"action_time": "2021-01-05T16:06:00.406Z", "user": 1, "content_type": 43, "object_id": "45", "object_repr": "BadgeClassuvg7IEVXSMqAbnJzz7SfXg", "action_flag": 2, "change_message": "[{\"added\": {\"object\": \"das\", \"name\": \"badge class tag\"}}]"}}, {"model": "admin.logentry", "pk": 136, "fields": {"action_time": "2021-01-05T16:06:22.910Z", "user": 1, "content_type": 43, "object_id": "45", "object_repr": "BadgeClassuvg7IEVXSMqAbnJzz7SfXg", "action_flag": 2, "change_message": "[{\"changed\": {\"fields\": [\"name\"], \"object\": \"2\", \"name\": \"badge class tag\"}}]"}}, {"model": "admin.logentry", "pk": 137, "fields": {"action_time": "2021-01-05T16:06:59.963Z", "user": 1, "content_type": 43, "object_id": "45", "object_repr": "BadgeClassuvg7IEVXSMqAbnJzz7SfXg", "action_flag": 3, "change_message": ""}}, {"model": "admin.logentry", "pk": 138, "fields": {"action_time": "2021-01-05T16:51:31.532Z", "user": 1, "content_type": 43, "object_id": "38", "object_repr": "BadgeClasswhp4Ukz9S--sI1zmakznjg", "action_flag": 2, "change_message": "[]"}}, {"model": "admin.logentry", "pk": 139, "fields": {"action_time": "2021-01-07T18:03:11.518Z", "user": 1, "content_type": 43, "object_id": "36", "object_repr": "BadgeClassdKBzDAIXSKeCUfmOaRsjmA", "action_flag": 2, "change_message": "[{\"changed\": {\"fields\": [\"image\"]}}]"}}, {"model": "admin.logentry", "pk": 140, "fields": {"action_time": "2021-01-07T18:03:23.990Z", "user": 1, "content_type": 43, "object_id": "37", "object_repr": "BadgeClassBkegdiFVRi2xqLnvlM8A9A", "action_flag": 2, "change_message": "[{\"changed\": {\"fields\": [\"image\"]}}]"}}, {"model": "admin.logentry", "pk": 141, "fields": {"action_time": "2021-01-07T18:03:41.119Z", "user": 1, "content_type": 43, "object_id": "38", "object_repr": "BadgeClasswhp4Ukz9S--sI1zmakznjg", "action_flag": 2, "change_message": "[{\"changed\": {\"fields\": [\"image\"]}}]"}}, {"model": "admin.logentry", "pk": 142, "fields": {"action_time": "2021-01-07T18:03:57.412Z", "user": 1, "content_type": 43, "object_id": "39", "object_repr": "BadgeClassdCOeYJzLTc-AvnpWDWTaNg", "action_flag": 2, "change_message": "[{\"changed\": {\"fields\": [\"image\"]}}]"}}, {"model": "admin.logentry", "pk": 143, "fields": {"action_time": "2021-01-07T18:04:31.993Z", "user": 1, "content_type": 43, "object_id": "40", "object_repr": "BadgeClass9dw_UfwPRxW3rBqXT3zT9A", "action_flag": 2, "change_message": "[{\"changed\": {\"fields\": [\"image\"]}}]"}}, {"model": "admin.logentry", "pk": 144, "fields": {"action_time": "2021-01-07T18:04:42.877Z", "user": 1, "content_type": 43, "object_id": "41", "object_repr": "BadgeClassQHqVe9QeRr-UJTU47D4Ssw", "action_flag": 2, "change_message": "[{\"changed\": {\"fields\": [\"image\"]}}]"}}, {"model": "admin.logentry", "pk": 145, "fields": {"action_time": "2021-01-07T18:04:56.526Z", "user": 1, "content_type": 43, "object_id": "42", "object_repr": "BadgeClass9G6pv1jGSPyDlOHopPA0Bw", "action_flag": 2, "change_message": "[{\"changed\": {\"fields\": [\"image\"]}}]"}}, {"model": "admin.logentry", "pk": 146, "fields": {"action_time": "2021-01-07T18:05:07.772Z", "user": 1, "content_type": 43, "object_id": "43", "object_repr": "BadgeClassuV38wVc6QAacXQ94b-ogGQ", "action_flag": 2, "change_message": "[{\"changed\": {\"fields\": [\"image\"]}}]"}}, {"model": "admin.logentry", "pk": 147, "fields": {"action_time": "2021-01-07T18:05:19.498Z", "user": 1, "content_type": 43, "object_id": "44", "object_repr": "BadgeClassSfYh9RcSRy6YoOsV8cP8rQ", "action_flag": 2, "change_message": "[{\"changed\": {\"fields\": [\"image\"]}}]"}}, {"model": "admin.logentry", "pk": 148, "fields": {"action_time": "2021-01-07T18:11:49.107Z", "user": 1, "content_type": 37, "object_id": "351", "object_repr": "BadgeInstanceDLg3H0lZS0eLa1gifuIx7w", "action_flag": 3, "change_message": ""}}, {"model": "admin.logentry", "pk": 149, "fields": {"action_time": "2021-01-07T18:11:49.113Z", "user": 1, "content_type": 37, "object_id": "350", "object_repr": "BadgeInstanceRj61512USraUrzchS4w60A", "action_flag": 3, "change_message": ""}}, {"model": "admin.logentry", "pk": 150, "fields": {"action_time": "2021-01-07T18:11:49.117Z", "user": 1, "content_type": 37, "object_id": "349", "object_repr": "BadgeInstance-ojQ9yJqRLOsG6m3F86Q6A", "action_flag": 3, "change_message": ""}}, {"model": "admin.logentry", "pk": 151, "fields": {"action_time": "2021-01-07T18:12:14.228Z", "user": 1, "content_type": 43, "object_id": "44", "object_repr": "BadgeClassSfYh9RcSRy6YoOsV8cP8rQ", "action_flag": 2, "change_message": "[]"}}, {"model": "admin.logentry", "pk": 152, "fields": {"action_time": "2021-01-13T15:43:17.192Z", "user": 1, "content_type": 37, "object_id": "350", "object_repr": "BadgeInstancekNcojQ0QS7iW0v48XG15kw", "action_flag": 3, "change_message": ""}}, {"model": "admin.logentry", "pk": 153, "fields": {"action_time": "2021-01-21T14:38:35.530Z", "user": 1, "content_type": 43, "object_id": "36", "object_repr": "BadgeClassdKBzDAIXSKeCUfmOaRsjmA", "action_flag": 2, "change_message": "[{\"changed\": {\"fields\": [\"name\"], \"object\": \"Questions\", \"name\": \"badge class tag\"}}, {\"changed\": {\"fields\": [\"original_json\"], \"object\": \"app\", \"name\": \"badge class extension\"}}]"}}, {"model": "admin.logentry", "pk": 154, "fields": {"action_time": "2021-01-21T14:38:56.889Z", "user": 1, "content_type": 43, "object_id": "37", "object_repr": "BadgeClassBkegdiFVRi2xqLnvlM8A9A", "action_flag": 2, "change_message": "[{\"changed\": {\"fields\": [\"name\"], \"object\": \"Questions\", \"name\": \"badge class tag\"}}, {\"changed\": {\"fields\": [\"original_json\"], \"object\": \"app\", \"name\": \"badge class extension\"}}]"}}, {"model": "admin.logentry", "pk": 155, "fields": {"action_time": "2021-01-21T14:39:09.578Z", "user": 1, "content_type": 43, "object_id": "38", "object_repr": "BadgeClasswhp4Ukz9S--sI1zmakznjg", "action_flag": 2, "change_message": "[{\"changed\": {\"fields\": [\"name\"], \"object\": \"Questions\", \"name\": \"badge class tag\"}}, {\"changed\": {\"fields\": [\"original_json\"], \"object\": \"app\", \"name\": \"badge class extension\"}}]"}}, {"model": "admin.logentry", "pk": 156, "fields": {"action_time": "2021-01-21T14:39:42.164Z", "user": 1, "content_type": 43, "object_id": "39", "object_repr": "BadgeClassdCOeYJzLTc-AvnpWDWTaNg", "action_flag": 2, "change_message": "[{\"changed\": {\"fields\": [\"name\"], \"object\": \"Answers\", \"name\": \"badge class tag\"}}, {\"changed\": {\"fields\": [\"original_json\"], \"object\": \"app\", \"name\": \"badge class extension\"}}]"}}, {"model": "admin.logentry", "pk": 157, "fields": {"action_time": "2021-01-21T14:40:01.567Z", "user": 1, "content_type": 43, "object_id": "40", "object_repr": "BadgeClass9dw_UfwPRxW3rBqXT3zT9A", "action_flag": 2, "change_message": "[{\"changed\": {\"fields\": [\"name\"], \"object\": \"Answers\", \"name\": \"badge class tag\"}}, {\"changed\": {\"fields\": [\"original_json\"], \"object\": \"app\", \"name\": \"badge class extension\"}}]"}}, {"model": "admin.logentry", "pk": 158, "fields": {"action_time": "2021-01-21T14:40:14.351Z", "user": 1, "content_type": 43, "object_id": "41", "object_repr": "BadgeClassQHqVe9QeRr-UJTU47D4Ssw", "action_flag": 2, "change_message": "[{\"changed\": {\"fields\": [\"name\"], \"object\": \"Answers\", \"name\": \"badge class tag\"}}, {\"changed\": {\"fields\": [\"original_json\"], \"object\": \"app\", \"name\": \"badge class extension\"}}]"}}, {"model": "admin.logentry", "pk": 159, "fields": {"action_time": "2021-01-21T14:40:40.793Z", "user": 1, "content_type": 43, "object_id": "42", "object_repr": "BadgeClass9G6pv1jGSPyDlOHopPA0Bw", "action_flag": 2, "change_message": "[{\"changed\": {\"fields\": [\"name\"], \"object\": \"AnswersAccepted\", \"name\": \"badge class tag\"}}, {\"changed\": {\"fields\": [\"original_json\"], \"object\": \"app\", \"name\": \"badge class extension\"}}]"}}, {"model": "admin.logentry", "pk": 160, "fields": {"action_time": "2021-01-21T14:40:48.286Z", "user": 1, "content_type": 43, "object_id": "42", "object_repr": "BadgeClass9G6pv1jGSPyDlOHopPA0Bw", "action_flag": 2, "change_message": "[]"}}, {"model": "admin.logentry", "pk": 161, "fields": {"action_time": "2021-01-21T14:41:01.437Z", "user": 1, "content_type": 43, "object_id": "43", "object_repr": "BadgeClassuV38wVc6QAacXQ94b-ogGQ", "action_flag": 2, "change_message": "[{\"changed\": {\"fields\": [\"name\"], \"object\": \"AnswersAccepted\", \"name\": \"badge class tag\"}}, {\"changed\": {\"fields\": [\"original_json\"], \"object\": \"app\", \"name\": \"badge class extension\"}}]"}}, {"model": "admin.logentry", "pk": 162, "fields": {"action_time": "2021-01-21T14:41:14.438Z", "user": 1, "content_type": 43, "object_id": "44", "object_repr": "BadgeClassSfYh9RcSRy6YoOsV8cP8rQ", "action_flag": 2, "change_message": "[{\"changed\": {\"fields\": [\"name\"], \"object\": \"AnswersAccepted\", \"name\": \"badge class tag\"}}, {\"changed\": {\"fields\": [\"original_json\"], \"object\": \"app\", \"name\": \"badge class extension\"}}]"}}, {"model": "admin.logentry", "pk": 163, "fields": {"action_time": "2021-01-21T14:58:47.363Z", "user": 1, "content_type": 43, "object_id": "39", "object_repr": "BadgeClassdCOeYJzLTc-AvnpWDWTaNg", "action_flag": 2, "change_message": "[{\"changed\": {\"fields\": [\"original_json\"], \"object\": \"app\", \"name\": \"badge class extension\"}}]"}}, {"model": "admin.logentry", "pk": 164, "fields": {"action_time": "2021-01-21T14:59:22.312Z", "user": 1, "content_type": 43, "object_id": "35", "object_repr": "BadgeClassSKtPVwO6SruX5KJ6aUYRvw", "action_flag": 3, "change_message": ""}}, {"model": "admin.logentry", "pk": 165, "fields": {"action_time": "2021-01-21T14:59:22.319Z", "user": 1, "content_type": 43, "object_id": "34", "object_repr": "BadgeClassq2oFynOXRkOsZv5XIi1Avw", "action_flag": 3, "change_message": ""}}, {"model": "admin.logentry", "pk": 166, "fields": {"action_time": "2021-01-21T14:59:22.322Z", "user": 1, "content_type": 43, "object_id": "33", "object_repr": "BadgeClassaxCF0-UKRh6MMt6YM_-Fnw", "action_flag": 3, "change_message": ""}}, {"model": "admin.logentry", "pk": 167, "fields": {"action_time": "2021-01-21T14:59:22.325Z", "user": 1, "content_type": 43, "object_id": "32", "object_repr": "BadgeClassczxAVLZ0TYW4bFLsqxpsIw", "action_flag": 3, "change_message": ""}}, {"model": "admin.logentry", "pk": 168, "fields": {"action_time": "2021-01-21T14:59:22.327Z", "user": 1, "content_type": 43, "object_id": "31", "object_repr": "BadgeClassJDVJS-WMQKylOqB_2aWRmA", "action_flag": 3, "change_message": ""}}, {"model": "admin.logentry", "pk": 169, "fields": {"action_time": "2021-01-21T14:59:22.330Z", "user": 1, "content_type": 43, "object_id": "10", "object_repr": "BadgeClasslWIx_EdWQtOZvTQpSIbw6w", "action_flag": 3, "change_message": ""}}, {"model": "admin.logentry", "pk": 170, "fields": {"action_time": "2021-01-21T14:59:22.333Z", "user": 1, "content_type": 43, "object_id": "5", "object_repr": "BadgeClassVV2YrAyqTjeKknt8TmjGPA", "action_flag": 3, "change_message": ""}}, {"model": "admin.logentry", "pk": 171, "fields": {"action_time": "2021-01-21T14:59:22.335Z", "user": 1, "content_type": 43, "object_id": "4", "object_repr": "BadgeClassgQXIv4ucSoexvuSVsyDRJw", "action_flag": 3, "change_message": ""}}, {"model": "admin.logentry", "pk": 172, "fields": {"action_time": "2021-01-21T14:59:22.340Z", "user": 1, "content_type": 43, "object_id": "3", "object_repr": "BadgeClassIj2wm81JRoq1CtdZCtWHgQ", "action_flag": 3, "change_message": ""}}, {"model": "admin.logentry", "pk": 173, "fields": {"action_time": "2021-01-21T14:59:22.343Z", "user": 1, "content_type": 43, "object_id": "1", "object_repr": "BadgeClass4ZGWmvvFT7uykGXqsNXZ6w", "action_flag": 3, "change_message": ""}}, {"model": "admin.logentry", "pk": 174, "fields": {"action_time": "2021-01-21T15:02:16.126Z", "user": 1, "content_type": 43, "object_id": "36", "object_repr": "BadgeClassdKBzDAIXSKeCUfmOaRsjmA", "action_flag": 2, "change_message": "[]"}}, {"model": "admin.logentry", "pk": 175, "fields": {"action_time": "2021-01-21T15:02:35.762Z", "user": 1, "content_type": 43, "object_id": "36", "object_repr": "BadgeClassdKBzDAIXSKeCUfmOaRsjmA", "action_flag": 2, "change_message": "[{\"changed\": {\"fields\": [\"original_json\"], \"object\": \"app\", \"name\": \"badge class extension\"}}]"}}, {"model": "admin.logentry", "pk": 176, "fields": {"action_time": "2021-01-21T15:02:47.727Z", "user": 1, "content_type": 43, "object_id": "37", "object_repr": "BadgeClassBkegdiFVRi2xqLnvlM8A9A", "action_flag": 2, "change_message": "[{\"changed\": {\"fields\": [\"original_json\"], \"object\": \"app\", \"name\": \"badge class extension\"}}]"}}, {"model": "admin.logentry", "pk": 177, "fields": {"action_time": "2021-01-21T15:04:23.574Z", "user": 1, "content_type": 43, "object_id": "36", "object_repr": "BadgeClassdKBzDAIXSKeCUfmOaRsjmA", "action_flag": 2, "change_message": "[{\"changed\": {\"fields\": [\"original_json\"], \"object\": \"app\", \"name\": \"badge class extension\"}}]"}}, {"model": "admin.logentry", "pk": 178, "fields": {"action_time": "2021-01-21T15:05:06.355Z", "user": 1, "content_type": 43, "object_id": "36", "object_repr": "BadgeClassdKBzDAIXSKeCUfmOaRsjmA", "action_flag": 2, "change_message": "[{\"changed\": {\"fields\": [\"original_json\"], \"object\": \"app\", \"name\": \"badge class extension\"}}]"}}, {"model": "admin.logentry", "pk": 179, "fields": {"action_time": "2021-01-21T15:05:24.045Z", "user": 1, "content_type": 43, "object_id": "37", "object_repr": "BadgeClassBkegdiFVRi2xqLnvlM8A9A", "action_flag": 2, "change_message": "[{\"changed\": {\"fields\": [\"original_json\"], \"object\": \"app\", \"name\": \"badge class extension\"}}]"}}, {"model": "admin.logentry", "pk": 180, "fields": {"action_time": "2021-01-21T15:05:31.269Z", "user": 1, "content_type": 43, "object_id": "38", "object_repr": "BadgeClasswhp4Ukz9S--sI1zmakznjg", "action_flag": 2, "change_message": "[{\"changed\": {\"fields\": [\"original_json\"], \"object\": \"app\", \"name\": \"badge class extension\"}}]"}}, {"model": "admin.logentry", "pk": 181, "fields": {"action_time": "2021-01-21T15:05:39.297Z", "user": 1, "content_type": 43, "object_id": "39", "object_repr": "BadgeClassdCOeYJzLTc-AvnpWDWTaNg", "action_flag": 2, "change_message": "[{\"changed\": {\"fields\": [\"original_json\"], \"object\": \"app\", \"name\": \"badge class extension\"}}]"}}, {"model": "admin.logentry", "pk": 182, "fields": {"action_time": "2021-01-21T15:05:46.574Z", "user": 1, "content_type": 43, "object_id": "40", "object_repr": "BadgeClass9dw_UfwPRxW3rBqXT3zT9A", "action_flag": 2, "change_message": "[{\"changed\": {\"fields\": [\"original_json\"], \"object\": \"app\", \"name\": \"badge class extension\"}}]"}}, {"model": "admin.logentry", "pk": 183, "fields": {"action_time": "2021-01-21T15:05:53.034Z", "user": 1, "content_type": 43, "object_id": "41", "object_repr": "BadgeClassQHqVe9QeRr-UJTU47D4Ssw", "action_flag": 2, "change_message": "[{\"changed\": {\"fields\": [\"original_json\"], \"object\": \"app\", \"name\": \"badge class extension\"}}]"}}, {"model": "admin.logentry", "pk": 184, "fields": {"action_time": "2021-01-21T15:06:04.846Z", "user": 1, "content_type": 43, "object_id": "42", "object_repr": "BadgeClass9G6pv1jGSPyDlOHopPA0Bw", "action_flag": 2, "change_message": "[{\"changed\": {\"fields\": [\"original_json\"], \"object\": \"app\", \"name\": \"badge class extension\"}}]"}}, {"model": "admin.logentry", "pk": 185, "fields": {"action_time": "2021-01-21T15:06:11.500Z", "user": 1, "content_type": 43, "object_id": "42", "object_repr": "BadgeClass9G6pv1jGSPyDlOHopPA0Bw", "action_flag": 2, "change_message": "[]"}}, {"model": "admin.logentry", "pk": 186, "fields": {"action_time": "2021-01-21T15:06:17.720Z", "user": 1, "content_type": 43, "object_id": "43", "object_repr": "BadgeClassuV38wVc6QAacXQ94b-ogGQ", "action_flag": 2, "change_message": "[{\"changed\": {\"fields\": [\"original_json\"], \"object\": \"app\", \"name\": \"badge class extension\"}}]"}}, {"model": "admin.logentry", "pk": 187, "fields": {"action_time": "2021-01-21T15:06:27.432Z", "user": 1, "content_type": 43, "object_id": "44", "object_repr": "BadgeClassSfYh9RcSRy6YoOsV8cP8rQ", "action_flag": 2, "change_message": "[{\"changed\": {\"fields\": [\"original_json\"], \"object\": \"app\", \"name\": \"badge class extension\"}}]"}}, {"model": "admin.logentry", "pk": 188, "fields": {"action_time": "2021-01-21T15:49:59.217Z", "user": 1, "content_type": 43, "object_id": "27", "object_repr": "BadgeClassVc8ywfpPSqynCDFfig3GhQ", "action_flag": 3, "change_message": ""}}, {"model": "admin.logentry", "pk": 189, "fields": {"action_time": "2021-01-21T15:49:59.221Z", "user": 1, "content_type": 43, "object_id": "26", "object_repr": "BadgeClassyPBbuTgFRQuD3JzsQ5bG-w", "action_flag": 3, "change_message": ""}}, {"model": "admin.logentry", "pk": 190, "fields": {"action_time": "2021-01-21T15:49:59.224Z", "user": 1, "content_type": 43, "object_id": "25", "object_repr": "BadgeClassDqQzjMKWQNipb1o9Fbaqjw", "action_flag": 3, "change_message": ""}}, {"model": "admin.logentry", "pk": 191, "fields": {"action_time": "2021-01-21T15:49:59.231Z", "user": 1, "content_type": 43, "object_id": "24", "object_repr": "BadgeClasshpqAdI7hQf2maQ13AW1jXA", "action_flag": 3, "change_message": ""}}, {"model": "admin.logentry", "pk": 192, "fields": {"action_time": "2021-01-21T15:49:59.235Z", "user": 1, "content_type": 43, "object_id": "23", "object_repr": "BadgeClassRTR8KkZbRLO45QTHM6WUUA", "action_flag": 3, "change_message": ""}}, {"model": "admin.logentry", "pk": 193, "fields": {"action_time": "2021-01-21T15:49:59.238Z", "user": 1, "content_type": 43, "object_id": "22", "object_repr": "BadgeClasswV30wX0VTXm2PVPVcxMr5w", "action_flag": 3, "change_message": ""}}, {"model": "admin.logentry", "pk": 194, "fields": {"action_time": "2021-01-22T15:37:24.638Z", "user": 1, "content_type": 37, "object_id": "353", "object_repr": "BadgeInstance1ZZkyLZFTXOmAf_L0Xc3fA", "action_flag": 3, "change_message": ""}}, {"model": "admin.logentry", "pk": 195, "fields": {"action_time": "2021-01-22T15:38:07.199Z", "user": 1, "content_type": 37, "object_id": "354", "object_repr": "BadgeInstance4BQKAa9SSkaRhkEcNeAxzg", "action_flag": 3, "change_message": ""}}, {"model": "admin.logentry", "pk": 196, "fields": {"action_time": "2021-01-22T16:01:07.382Z", "user": 1, "content_type": 37, "object_id": "355", "object_repr": "BadgeInstanceOGk0wgLLTKKAhjaJraX6_g", "action_flag": 3, "change_message": ""}}, {"model": "admin.logentry", "pk": 197, "fields": {"action_time": "2021-01-22T16:03:16.358Z", "user": 1, "content_type": 37, "object_id": "356", "object_repr": "BadgeInstanceuNo48iGTT4WAh_oXh7KQhA", "action_flag": 3, "change_message": ""}}, {"model": "admin.logentry", "pk": 198, "fields": {"action_time": "2021-01-22T16:04:20.958Z", "user": 1, "content_type": 37, "object_id": "357", "object_repr": "BadgeInstancelgu3zsbRR_SRTEXgNJ41WA", "action_flag": 3, "change_message": ""}}, {"model": "admin.logentry", "pk": 199, "fields": {"action_time": "2021-01-22T16:05:08.046Z", "user": 1, "content_type": 37, "object_id": "358", "object_repr": "BadgeInstance0oFJJ-vPTH-5X2ptD4iMCQ", "action_flag": 3, "change_message": ""}}, {"model": "admin.logentry", "pk": 200, "fields": {"action_time": "2021-01-22T16:07:24.107Z", "user": 1, "content_type": 37, "object_id": "359", "object_repr": "BadgeInstancevnlmW2GZRc-JIqneYmcXhA", "action_flag": 3, "change_message": ""}}, {"model": "admin.logentry", "pk": 201, "fields": {"action_time": "2021-01-22T16:08:10.487Z", "user": 1, "content_type": 37, "object_id": "360", "object_repr": "BadgeInstancen7JZQCgeT8SFX6-1FYFyNg", "action_flag": 3, "change_message": ""}}, {"model": "admin.logentry", "pk": 202, "fields": {"action_time": "2021-01-22T16:12:38.481Z", "user": 1, "content_type": 37, "object_id": "361", "object_repr": "BadgeInstanceUsAnQl-mRjmqft2nUs7R0Q", "action_flag": 3, "change_message": ""}}, {"model": "admin.logentry", "pk": 203, "fields": {"action_time": "2021-01-22T16:16:15.740Z", "user": 1, "content_type": 37, "object_id": "362", "object_repr": "BadgeInstancegphWgbY0SzKmPpwXvdWiPA", "action_flag": 3, "change_message": ""}}, {"model": "admin.logentry", "pk": 204, "fields": {"action_time": "2021-01-22T16:16:44.881Z", "user": 1, "content_type": 37, "object_id": "363", "object_repr": "BadgeInstanceavPZ7stdSuO6e2Wu03klWw", "action_flag": 3, "change_message": ""}}, {"model": "admin.logentry", "pk": 205, "fields": {"action_time": "2021-01-22T16:17:30.810Z", "user": 1, "content_type": 37, "object_id": "364", "object_repr": "BadgeInstanceHD2PG949QGqRkWQRLqX-TA", "action_flag": 3, "change_message": ""}}, {"model": "admin.logentry", "pk": 206, "fields": {"action_time": "2021-01-22T16:26:25.091Z", "user": 1, "content_type": 37, "object_id": "365", "object_repr": "BadgeInstanceII8rPkbpSVq1XghDJ5QG7Q", "action_flag": 3, "change_message": ""}}, {"model": "admin.logentry", "pk": 207, "fields": {"action_time": "2021-01-22T16:28:27.795Z", "user": 1, "content_type": 37, "object_id": "368", "object_repr": "BadgeInstancewuRDtXwvT4GDLIrImog7Sg", "action_flag": 3, "change_message": ""}}, {"model": "admin.logentry", "pk": 208, "fields": {"action_time": "2021-01-22T16:28:27.798Z", "user": 1, "content_type": 37, "object_id": "367", "object_repr": "BadgeInstanceGFexCsxRQ0eDiqw8e3eirQ", "action_flag": 3, "change_message": ""}}, {"model": "admin.logentry", "pk": 209, "fields": {"action_time": "2021-01-22T16:28:27.800Z", "user": 1, "content_type": 37, "object_id": "366", "object_repr": "BadgeInstanceT5KU5v0jRKSan-x9i1GI4Q", "action_flag": 3, "change_message": ""}}, {"model": "admin.logentry", "pk": 210, "fields": {"action_time": "2021-01-24T11:32:21.954Z", "user": 1, "content_type": 37, "object_id": "353", "object_repr": "BadgeInstanceh7DXjHJZRr-3p2AUKtJ0oA", "action_flag": 3, "change_message": ""}}, {"model": "admin.logentry", "pk": 211, "fields": {"action_time": "2021-01-24T11:32:21.960Z", "user": 1, "content_type": 37, "object_id": "352", "object_repr": "BadgeInstanceN5bZn4pyTlCTkiEWTk32LA", "action_flag": 3, "change_message": ""}}, {"model": "admin.logentry", "pk": 212, "fields": {"action_time": "2021-01-24T11:32:21.965Z", "user": 1, "content_type": 37, "object_id": "351", "object_repr": "BadgeInstance3lbx_sEvROCqHgCwVoBvUQ", "action_flag": 3, "change_message": ""}}, {"model": "admin.logentry", "pk": 213, "fields": {"action_time": "2021-01-24T11:32:21.968Z", "user": 1, "content_type": 37, "object_id": "349", "object_repr": "BadgeInstancePpk3rmvES-yI1Yl7vBrj3A", "action_flag": 3, "change_message": ""}}, {"model": "admin.logentry", "pk": 214, "fields": {"action_time": "2021-01-24T11:35:04.003Z", "user": 1, "content_type": 37, "object_id": "354", "object_repr": "BadgeInstancewZHuLwijSZq5G0SbscF2yg", "action_flag": 3, "change_message": ""}}, {"model": "admin.logentry", "pk": 215, "fields": {"action_time": "2021-01-24T12:12:14.061Z", "user": 1, "content_type": 37, "object_id": "356", "object_repr": "BadgeInstanceVkWOsDF6TLSJim8zYXyHog", "action_flag": 3, "change_message": ""}}, {"model": "admin.logentry", "pk": 216, "fields": {"action_time": "2021-01-24T12:12:14.065Z", "user": 1, "content_type": 37, "object_id": "355", "object_repr": "BadgeInstancehojkPsF-SyqLDRFUZev4wA", "action_flag": 3, "change_message": ""}}, {"model": "admin.logentry", "pk": 217, "fields": {"action_time": "2021-01-24T12:15:14.451Z", "user": 1, "content_type": 37, "object_id": "358", "object_repr": "BadgeInstancekWmZgZjhTCyLku4w2Nmr5A", "action_flag": 3, "change_message": ""}}, {"model": "admin.logentry", "pk": 218, "fields": {"action_time": "2021-01-24T12:15:14.455Z", "user": 1, "content_type": 37, "object_id": "357", "object_repr": "BadgeInstance_54GxQQBSwmRifwWzBBMPw", "action_flag": 3, "change_message": ""}}, {"model": "admin.logentry", "pk": 219, "fields": {"action_time": "2021-01-25T08:28:15.258Z", "user": 1, "content_type": 37, "object_id": "361", "object_repr": "BadgeInstanceAA813U9IT6CGluf-2qybOw", "action_flag": 3, "change_message": ""}}, {"model": "admin.logentry", "pk": 220, "fields": {"action_time": "2021-01-25T10:25:03.624Z", "user": 1, "content_type": 43, "object_id": "36", "object_repr": "BadgeClassdKBzDAIXSKeCUfmOaRsjmA", "action_flag": 2, "change_message": "[{\"added\": {\"object\": \"AppMessage\", \"name\": \"badge class extension\"}}]"}}, {"model": "admin.logentry", "pk": 221, "fields": {"action_time": "2021-01-25T10:28:19.924Z", "user": 1, "content_type": 43, "object_id": "36", "object_repr": "BadgeClassdKBzDAIXSKeCUfmOaRsjmA", "action_flag": 2, "change_message": "[{\"changed\": {\"fields\": [\"original_json\"], \"object\": \"AppMessage\", \"name\": \"badge class extension\"}}]"}}, {"model": "admin.logentry", "pk": 222, "fields": {"action_time": "2021-01-25T10:34:41.941Z", "user": 1, "content_type": 37, "object_id": "359", "object_repr": "BadgeInstancemQdogR6yQbG6FHrQLqQZPA", "action_flag": 3, "change_message": ""}}, {"model": "admin.logentry", "pk": 223, "fields": {"action_time": "2021-01-25T10:38:36.622Z", "user": 1, "content_type": 37, "object_id": "365", "object_repr": "BadgeInstanceZP0NTLY5TKOaZqvgL8LjVQ", "action_flag": 3, "change_message": ""}}, {"model": "admin.logentry", "pk": 224, "fields": {"action_time": "2021-01-25T10:38:36.629Z", "user": 1, "content_type": 37, "object_id": "364", "object_repr": "BadgeInstanceoK2Urm6eQjutS0b_LsdpPA", "action_flag": 3, "change_message": ""}}, {"model": "admin.logentry", "pk": 225, "fields": {"action_time": "2021-01-25T10:38:36.634Z", "user": 1, "content_type": 37, "object_id": "363", "object_repr": "BadgeInstanceMGOgx7vRTKesKe45XP3FNg", "action_flag": 3, "change_message": ""}}, {"model": "admin.logentry", "pk": 226, "fields": {"action_time": "2021-01-25T10:38:36.640Z", "user": 1, "content_type": 37, "object_id": "362", "object_repr": "BadgeInstanceH_vrAJ1DTbajH3A2FqiiWw", "action_flag": 3, "change_message": ""}}, {"model": "admin.logentry", "pk": 227, "fields": {"action_time": "2021-01-25T10:38:36.645Z", "user": 1, "content_type": 37, "object_id": "360", "object_repr": "BadgeInstancean6nvFY3RdaC_TPkgYLATg", "action_flag": 3, "change_message": ""}}, {"model": "admin.logentry", "pk": 228, "fields": {"action_time": "2021-01-25T10:47:41.385Z", "user": 1, "content_type": 43, "object_id": "37", "object_repr": "BadgeClassBkegdiFVRi2xqLnvlM8A9A", "action_flag": 2, "change_message": "[{\"added\": {\"object\": \"AppMessage\", \"name\": \"badge class extension\"}}]"}}, {"model": "admin.logentry", "pk": 229, "fields": {"action_time": "2021-01-25T10:48:07.587Z", "user": 1, "content_type": 43, "object_id": "38", "object_repr": "BadgeClasswhp4Ukz9S--sI1zmakznjg", "action_flag": 2, "change_message": "[{\"added\": {\"object\": \"AppMessage\", \"name\": \"badge class extension\"}}]"}}, {"model": "admin.logentry", "pk": 230, "fields": {"action_time": "2021-01-25T10:48:29.173Z", "user": 1, "content_type": 43, "object_id": "39", "object_repr": "BadgeClassdCOeYJzLTc-AvnpWDWTaNg", "action_flag": 2, "change_message": "[{\"added\": {\"object\": \"AppMessage\", \"name\": \"badge class extension\"}}]"}}, {"model": "admin.logentry", "pk": 231, "fields": {"action_time": "2021-01-25T10:49:37.008Z", "user": 1, "content_type": 43, "object_id": "40", "object_repr": "BadgeClass9dw_UfwPRxW3rBqXT3zT9A", "action_flag": 2, "change_message": "[{\"added\": {\"object\": \"AppMessage\", \"name\": \"badge class extension\"}}]"}}, {"model": "admin.logentry", "pk": 232, "fields": {"action_time": "2021-01-25T10:50:06.767Z", "user": 1, "content_type": 43, "object_id": "41", "object_repr": "BadgeClassQHqVe9QeRr-UJTU47D4Ssw", "action_flag": 2, "change_message": "[{\"added\": {\"object\": \"AppMessage\", \"name\": \"badge class extension\"}}]"}}, {"model": "admin.logentry", "pk": 233, "fields": {"action_time": "2021-01-25T10:50:20.249Z", "user": 1, "content_type": 43, "object_id": "40", "object_repr": "BadgeClass9dw_UfwPRxW3rBqXT3zT9A", "action_flag": 2, "change_message": "[{\"changed\": {\"fields\": [\"original_json\"], \"object\": \"AppMessage\", \"name\": \"badge class extension\"}}]"}}, {"model": "admin.logentry", "pk": 234, "fields": {"action_time": "2021-01-25T10:50:38.479Z", "user": 1, "content_type": 43, "object_id": "42", "object_repr": "BadgeClass9G6pv1jGSPyDlOHopPA0Bw", "action_flag": 2, "change_message": "[{\"added\": {\"object\": \"AppMessage\", \"name\": \"badge class extension\"}}]"}}, {"model": "admin.logentry", "pk": 235, "fields": {"action_time": "2021-01-25T10:50:58.865Z", "user": 1, "content_type": 43, "object_id": "42", "object_repr": "BadgeClass9G6pv1jGSPyDlOHopPA0Bw", "action_flag": 2, "change_message": "[]"}}, {"model": "admin.logentry", "pk": 236, "fields": {"action_time": "2021-01-25T10:51:11.561Z", "user": 1, "content_type": 43, "object_id": "43", "object_repr": "BadgeClassuV38wVc6QAacXQ94b-ogGQ", "action_flag": 2, "change_message": "[{\"added\": {\"object\": \"AppMessage\", \"name\": \"badge class extension\"}}]"}}, {"model": "admin.logentry", "pk": 237, "fields": {"action_time": "2021-01-25T10:51:31.071Z", "user": 1, "content_type": 43, "object_id": "44", "object_repr": "BadgeClassSfYh9RcSRy6YoOsV8cP8rQ", "action_flag": 2, "change_message": "[{\"added\": {\"object\": \"AppMessage\", \"name\": \"badge class extension\"}}]"}}, {"model": "admin.logentry", "pk": 238, "fields": {"action_time": "2021-01-25T10:53:55.258Z", "user": 1, "content_type": 37, "object_id": "366", "object_repr": "BadgeInstanceRuo9cfwuQECU0zC1hJxV_Q", "action_flag": 3, "change_message": ""}}, {"model": "admin.logentry", "pk": 239, "fields": {"action_time": "2021-01-25T10:57:21.868Z", "user": 1, "content_type": 37, "object_id": "367", "object_repr": "BadgeInstancepSBkczPSSZCTRxOaMU63tg", "action_flag": 3, "change_message": ""}}, {"model": "admin.logentry", "pk": 240, "fields": {"action_time": "2021-01-25T12:04:46.152Z", "user": 1, "content_type": 37, "object_id": "2", "object_repr": "BadgeInstanceedpIpK05SaqWLJ2KasRcHw", "action_flag": 3, "change_message": ""}}, {"model": "admin.logentry", "pk": 241, "fields": {"action_time": "2021-01-25T12:58:43.320Z", "user": 1, "content_type": 37, "object_id": "3", "object_repr": "BadgeInstanceozi9d281TAm8zMMHO26eDg", "action_flag": 3, "change_message": ""}}, {"model": "admin.logentry", "pk": 242, "fields": {"action_time": "2021-01-25T13:04:20.665Z", "user": 1, "content_type": 37, "object_id": "7", "object_repr": "BadgeInstancePXbvww03QzO2aT01wO4GLw", "action_flag": 3, "change_message": ""}}, {"model": "admin.logentry", "pk": 243, "fields": {"action_time": "2021-01-25T13:04:20.669Z", "user": 1, "content_type": 37, "object_id": "6", "object_repr": "BadgeInstance83UieNgfQwqqN9pZB2aytQ", "action_flag": 3, "change_message": ""}}, {"model": "admin.logentry", "pk": 244, "fields": {"action_time": "2021-01-25T13:04:20.673Z", "user": 1, "content_type": 37, "object_id": "5", "object_repr": "BadgeInstancejFGfn6h5Sd21CCIc7t8nXA", "action_flag": 3, "change_message": ""}}, {"model": "admin.logentry", "pk": 245, "fields": {"action_time": "2021-01-25T13:04:20.677Z", "user": 1, "content_type": 37, "object_id": "4", "object_repr": "BadgeInstanceCeahVAlUS8CCSSdinoVdqQ", "action_flag": 3, "change_message": ""}}, {"model": "admin.logentry", "pk": 246, "fields": {"action_time": "2021-01-25T13:04:20.679Z", "user": 1, "content_type": 37, "object_id": "1", "object_repr": "BadgeInstance4ArhJu6DTg-WBeHRdB8KTw", "action_flag": 3, "change_message": ""}}, {"model": "mainsite.applicationinfo", "pk": 1, "fields": {"application": 1, "icon": "", "name": null, "website_url": null, "allowed_scopes": "rw:profile rw:issuer rw:backpack", "trust_email_verification": false}}, {"model": "mainsite.badgrapp", "pk": 1, "fields": {"created_by": null, "updated_by": null, "created_at": "2019-11-18T14:14:25.373Z", "updated_at": "2019-11-18T14:14:25.373Z", "is_active": true, "name": "localdev", "cors": "localhost:4000", "email_confirmation_redirect": "http://localhost:4000/auth/login/", "signup_redirect": "http://localhost:4000/signup/", "forgot_password_redirect": "http://localhost:4000/change-password/", "ui_login_redirect": "http://localhost:4000/auth/login/", "ui_signup_success_redirect": "http://localhost:4000/signup/success/", "ui_connect_success_redirect": "http://localhost:4000/profile/", "public_pages_redirect": "http://localhost:4000/public/", "oauth_authorization_redirect": "http://localhost:4000", "use_auth_code_exchange": false, "oauth_application": 1}}]